-- --------------------------------------------------------
-- Host:                         192.168.0.32
-- Server version:               8.0.34-0ubuntu0.22.04.1 - (Ubuntu)
-- Server OS:                    Linux
-- HeidiSQL Version:             12.5.0.6677
-- --------------------------------------------------------

/*!40101 SET @OLD_CHARACTER_SET_CLIENT=@@CHARACTER_SET_CLIENT */;
/*!40101 SET NAMES utf8 */;
/*!50503 SET NAMES utf8mb4 */;
/*!40103 SET @OLD_TIME_ZONE=@@TIME_ZONE */;
/*!40103 SET TIME_ZONE='+00:00' */;
/*!40014 SET @OLD_FOREIGN_KEY_CHECKS=@@FOREIGN_KEY_CHECKS, FOREIGN_KEY_CHECKS=0 */;
/*!40101 SET @OLD_SQL_MODE=@@SQL_MODE, SQL_MODE='NO_AUTO_VALUE_ON_ZERO' */;
/*!40111 SET @OLD_SQL_NOTES=@@SQL_NOTES, SQL_NOTES=0 */;


-- Dumping database structure for inventory_v2
DROP DATABASE IF EXISTS `inventory_v2`;
CREATE DATABASE IF NOT EXISTS `inventory_v2` /*!40100 DEFAULT CHARACTER SET utf8mb4 COLLATE utf8mb4_0900_ai_ci */ /*!80016 DEFAULT ENCRYPTION='N' */;
USE `inventory_v2`;

-- Dumping structure for table inventory_v2.administrator
DROP TABLE IF EXISTS `administrator`;
CREATE TABLE IF NOT EXISTS `administrator` (
  `administrator_id` int NOT NULL AUTO_INCREMENT,
  `username` varchar(255) CHARACTER SET utf8mb4 COLLATE utf8mb4_bin NOT NULL,
  `password_hash` varchar(255) CHARACTER SET utf8mb4 COLLATE utf8mb4_bin NOT NULL,
  PRIMARY KEY (`administrator_id`)
) ENGINE=InnoDB DEFAULT CHARSET=utf8mb4 COLLATE=utf8mb4_bin;

-- Dumping data for table inventory_v2.administrator: ~0 rows (approximately)
INSERT INTO `administrator` (`administrator_id`, `username`, `password_hash`) VALUES
	(1, 'Admin', 'A5DFA812369F37FFD1755CA396C471CCEBC16B19DAEC09A1442287BCE01BD2BDC7603A2B86DF587FDAFA3EDEF4DA3E9D76E8B8194D24E696DCCA329CDD1429DE');

-- Dumping structure for table inventory_v2.administrator_token
DROP TABLE IF EXISTS `administrator_token`;
CREATE TABLE IF NOT EXISTS `administrator_token` (
  `administrator_token_id` int NOT NULL AUTO_INCREMENT,
  `administrator_id` int DEFAULT NULL,
  `created_at` timestamp NULL DEFAULT CURRENT_TIMESTAMP,
  `token` varchar(2550) CHARACTER SET utf8mb4 COLLATE utf8mb4_bin NOT NULL,
  `expire_at` timestamp NULL DEFAULT NULL,
  `is_valid` tinyint(1) DEFAULT NULL,
  PRIMARY KEY (`administrator_token_id`),
  KEY `administrator_id` (`administrator_id`),
  CONSTRAINT `administrator_token_ibfk_1` FOREIGN KEY (`administrator_id`) REFERENCES `administrator` (`administrator_id`)
) ENGINE=InnoDB DEFAULT CHARSET=utf8mb4 COLLATE=utf8mb4_bin;

-- Dumping data for table inventory_v2.administrator_token: ~9 rows (approximately)
INSERT INTO `administrator_token` (`administrator_token_id`, `administrator_id`, `created_at`, `token`, `expire_at`, `is_valid`) VALUES
	(1, 1, '2023-10-31 18:21:30', 'eyJhbGciOiJIUzI1NiIsInR5cCI6IkpXVCJ9.eyJyb2xlIjoiYWRtaW5pc3RyYXRvciIsImlkIjoxLCJpZGVudGl0eSI6IkFkbWluIiwiZXhwIjoxNzAxNDU0ODkwLjIyLCJpcCI6Ijo6ZmZmZjoxOTIuMTY4LjAuMTMiLCJ1YSI6Ik1vemlsbGEvNS4wIChXaW5kb3dzIE5UIDEwLjA7IFdpbjY0OyB4NjQpIEFwcGxlV2ViS2l0LzUzNy4zNiAoS0hUTUwsIGxpa2UgR2Vja28pIENocm9tZS8xMTYuMC4wLjAgU2FmYXJpLzUzNy4zNiBPUFIvMTAyLjAuMC4wIiwiaWF0IjoxNjk4Nzc2NDkwfQ.yNPMq36TUfGnhR_mtFChBRFhd5irPIAZS32cPJa9t2s', '2023-12-01 17:21:30', NULL),
	(2, 1, '2023-10-31 22:47:55', 'eyJhbGciOiJIUzI1NiIsInR5cCI6IkpXVCJ9.eyJyb2xlIjoiYWRtaW5pc3RyYXRvciIsImlkIjoxLCJpZGVudGl0eSI6IkFkbWluIiwiZXhwIjoxNzAxNDcwODc1Ljk3MiwiaXAiOiI6OmZmZmY6MTI3LjAuMC4xIiwidWEiOiJNb3ppbGxhLzUuMCAoWDExOyBVYnVudHU7IExpbnV4IHg4Nl82NDsgcnY6MTA5LjApIEdlY2tvLzIwMTAwMTAxIEZpcmVmb3gvMTE5LjAiLCJpYXQiOjE2OTg3OTI0NzV9.lPm-Z6UT6SXUGE7P3Lh9q3K08dM9pKwHsJHRCHY0Ouc', '2023-12-01 21:47:55', NULL),
	(3, 1, '2023-10-31 22:48:54', 'eyJhbGciOiJIUzI1NiIsInR5cCI6IkpXVCJ9.eyJyb2xlIjoiYWRtaW5pc3RyYXRvciIsImlkIjoxLCJpZGVudGl0eSI6IkFkbWluIiwiZXhwIjoxNzAxNDcwOTM0LjI4MiwiaXAiOiI6OmZmZmY6MTI3LjAuMC4xIiwidWEiOiJNb3ppbGxhLzUuMCAoTGludXg7IEFuZHJvaWQgMTM7IDIxMDgxMTExUkcgQnVpbGQvVFAxQS4yMjA2MjQuMDE0KSBBcHBsZVdlYktpdC81MzcuMzYgKEtIVE1MLCBsaWtlIEdlY2tvKSBDaHJvbWUvMTE4LjAuMC4wIE1vYmlsZSBTYWZhcmkvNTM3LjM2IE9QWC8yLjEiLCJpYXQiOjE2OTg3OTI1MzR9.obqFnTX5STT23olNhNCpTp_dtDeTMcfBDDzgkGGp-7Y', '2023-12-01 21:48:54', NULL),
	(4, 1, '2023-10-31 22:57:54', 'eyJhbGciOiJIUzI1NiIsInR5cCI6IkpXVCJ9.eyJyb2xlIjoiYWRtaW5pc3RyYXRvciIsImlkIjoxLCJpZGVudGl0eSI6IkFkbWluIiwiZXhwIjoxNzAxNDcxNDc0LjU5MiwiaXAiOiI6OmZmZmY6MTI3LjAuMC4xIiwidWEiOiJNb3ppbGxhLzUuMCAoV2luZG93cyBOVCAxMC4wOyBXaW42NDsgeDY0KSBBcHBsZVdlYktpdC81MzcuMzYgKEtIVE1MLCBsaWtlIEdlY2tvKSBDaHJvbWUvMTE2LjAuMC4wIFNhZmFyaS81MzcuMzYgT1BSLzEwMi4wLjAuMCIsImlhdCI6MTY5ODc5MzA3NH0.rHQX8-jGoJoDehp_KNj8cjfSiE4wuS71YJU9mpbX5HQ', '2023-12-01 21:57:54', NULL),
	(5, 1, '2023-11-01 18:08:44', 'eyJhbGciOiJIUzI1NiIsInR5cCI6IkpXVCJ9.eyJyb2xlIjoiYWRtaW5pc3RyYXRvciIsImlkIjoxLCJpZGVudGl0eSI6IkFkbWluIiwiZXhwIjoxNzAxNTQwNTI0Ljg0NiwiaXAiOiI6OmZmZmY6MTI3LjAuMC4xIiwidWEiOiJNb3ppbGxhLzUuMCAoV2luZG93cyBOVCAxMC4wOyBXaW42NDsgeDY0KSBBcHBsZVdlYktpdC81MzcuMzYgKEtIVE1MLCBsaWtlIEdlY2tvKSBDaHJvbWUvMTE2LjAuMC4wIFNhZmFyaS81MzcuMzYgT1BSLzEwMi4wLjAuMCIsImlhdCI6MTY5ODg2MjEyNH0.0O5SRYFcLVb6bUdmjeUdEMRbbKHxcfYfdoUKSMP4-Sw', '2023-12-02 17:08:44', NULL),
	(6, 1, '2023-11-02 12:22:10', 'eyJhbGciOiJIUzI1NiIsInR5cCI6IkpXVCJ9.eyJyb2xlIjoiYWRtaW5pc3RyYXRvciIsImlkIjoxLCJpZGVudGl0eSI6IkFkbWluIiwiZXhwIjoxNzAxNjA2MTMwLjc1OCwiaXAiOiI6OmZmZmY6MTI3LjAuMC4xIiwidWEiOiJNb3ppbGxhLzUuMCAoV2luZG93cyBOVCAxMC4wOyBXaW42NDsgeDY0KSBBcHBsZVdlYktpdC81MzcuMzYgKEtIVE1MLCBsaWtlIEdlY2tvKSBDaHJvbWUvMTE3LjAuMC4wIFNhZmFyaS81MzcuMzYgT1BSLzEwMy4wLjAuMCIsImlhdCI6MTY5ODkyNzczMH0.AMkuu-XyvLCa4XUvcJbjggAsaWCKskQRJm_g0FvpLWw', '2023-12-03 11:22:10', NULL),
	(7, 1, '2023-11-02 14:08:31', 'eyJhbGciOiJIUzI1NiIsInR5cCI6IkpXVCJ9.eyJyb2xlIjoiYWRtaW5pc3RyYXRvciIsImlkIjoxLCJpZGVudGl0eSI6IkFkbWluIiwiZXhwIjoxNzAxNjEyNTExLjc1OCwiaXAiOiI6OmZmZmY6MTI3LjAuMC4xIiwidWEiOiJNb3ppbGxhLzUuMCAoV2luZG93cyBOVCAxMC4wOyBXaW42NDsgeDY0KSBBcHBsZVdlYktpdC81MzcuMzYgKEtIVE1MLCBsaWtlIEdlY2tvKSBDaHJvbWUvMTE3LjAuMC4wIFNhZmFyaS81MzcuMzYgT1BSLzEwMy4wLjAuMCIsImlhdCI6MTY5ODkzNDExMX0.LmxtBmNlGI0JFj-bOqs39J8TfQhos0JsCkOtnKmgjxg', '2023-12-03 13:08:31', NULL),
	(8, 1, '2023-11-02 17:16:56', 'eyJhbGciOiJIUzI1NiIsInR5cCI6IkpXVCJ9.eyJyb2xlIjoiYWRtaW5pc3RyYXRvciIsImlkIjoxLCJpZGVudGl0eSI6IkFkbWluIiwiZXhwIjoxNzAxNjIzODE2LjY1OSwiaXAiOiI6OmZmZmY6MTI3LjAuMC4xIiwidWEiOiJNb3ppbGxhLzUuMCAoV2luZG93cyBOVCAxMC4wOyBXaW42NDsgeDY0KSBBcHBsZVdlYktpdC81MzcuMzYgKEtIVE1MLCBsaWtlIEdlY2tvKSBDaHJvbWUvMTE2LjAuMC4wIFNhZmFyaS81MzcuMzYgT1BSLzEwMi4wLjAuMCIsImlhdCI6MTY5ODk0NTQxNn0.e_fHU49jAXk0ioZSJ89Ur5wJOp0sRHi4LGgMwKWldNw', '2023-12-03 16:16:56', NULL),
	(9, 1, '2023-11-02 18:11:57', 'eyJhbGciOiJIUzI1NiIsInR5cCI6IkpXVCJ9.eyJyb2xlIjoiYWRtaW5pc3RyYXRvciIsImlkIjoxLCJpZGVudGl0eSI6IkFkbWluIiwiZXhwIjoxNzAxNjI3MTE3LjM2MywiaXAiOiI6OmZmZmY6MTI3LjAuMC4xIiwidWEiOiJNb3ppbGxhLzUuMCAoV2luZG93cyBOVCAxMC4wOyBXaW42NDsgeDY0KSBBcHBsZVdlYktpdC81MzcuMzYgKEtIVE1MLCBsaWtlIEdlY2tvKSBDaHJvbWUvMTE2LjAuMC4wIFNhZmFyaS81MzcuMzYgT1BSLzEwMi4wLjAuMCIsImlhdCI6MTY5ODk0ODcxN30._JRPz11geH_EsLn5Zn32kDUyDhIaxv9sWeM_1FW1jwk', '2023-12-03 17:11:57', NULL),
	(10, 1, '2023-11-07 18:09:09', 'eyJhbGciOiJIUzI1NiIsInR5cCI6IkpXVCJ9.eyJyb2xlIjoiYWRtaW5pc3RyYXRvciIsImlkIjoxLCJpZGVudGl0eSI6IkFkbWluIiwiZXhwIjoxNzAyMDU4OTQ5LjIyNSwiaXAiOiI6OmZmZmY6MTI3LjAuMC4xIiwidWEiOiJNb3ppbGxhLzUuMCAoV2luZG93cyBOVCAxMC4wOyBXaW42NDsgeDY0KSBBcHBsZVdlYktpdC81MzcuMzYgKEtIVE1MLCBsaWtlIEdlY2tvKSBDaHJvbWUvMTE5LjAuMC4wIFNhZmFyaS81MzcuMzYgRWRnLzExOS4wLjAuMCIsImlhdCI6MTY5OTM4MDU0OX0.dSiJBrKGekzKFYGRBFDJTrUBM2c6q2JJbplf1Sgqq1s', '2023-12-08 17:09:09', NULL);

-- Dumping structure for table inventory_v2.article
DROP TABLE IF EXISTS `article`;
CREATE TABLE IF NOT EXISTS `article` (
  `article_id` int NOT NULL AUTO_INCREMENT,
  `serial_number` varchar(50) CHARACTER SET utf8mb4 COLLATE utf8mb4_bin NOT NULL,
  `inv_number` varchar(50) CHARACTER SET utf8mb4 COLLATE utf8mb4_bin NOT NULL,
  `user_id` int DEFAULT NULL,
  `document_id` int DEFAULT NULL,
  `status` enum('zaduženo','razduženo','otpisano') CHARACTER SET utf8mb4 COLLATE utf8mb4_bin NOT NULL,
  `timestamp` timestamp NULL DEFAULT CURRENT_TIMESTAMP,
  `stock_id` int NOT NULL,
  `comment` text CHARACTER SET utf8mb4 COLLATE utf8mb4_bin,
  `category_id` int DEFAULT NULL,
  PRIMARY KEY (`article_id`),
  KEY `user_id` (`user_id`),
  KEY `fk_article_stock` (`stock_id`),
  KEY `article_ibfk_3` (`category_id`),
  CONSTRAINT `article_ibfk_1` FOREIGN KEY (`user_id`) REFERENCES `user` (`user_id`),
  CONSTRAINT `article_ibfk_2` FOREIGN KEY (`stock_id`) REFERENCES `stock` (`stock_id`),
  CONSTRAINT `article_ibfk_3` FOREIGN KEY (`category_id`) REFERENCES `category` (`category_id`)
) ENGINE=InnoDB DEFAULT CHARSET=utf8mb4 COLLATE=utf8mb4_bin;

-- Dumping data for table inventory_v2.article: ~429 rows (approximately)
INSERT INTO `article` (`article_id`, `serial_number`, `inv_number`, `user_id`, `document_id`, `status`, `timestamp`, `stock_id`, `comment`, `category_id`) VALUES
	(1, 'S4PT4033', 'ZE06878665', 148, 1, 'zaduženo', '2023-10-31 18:30:46', 1, '', 2),
	(2, 'S4PT4035', 'ZE06878661', 157, 2, 'zaduženo', '2023-10-31 18:31:22', 1, '', 2),
	(3, 'S4PT4047', 'ZE06878666', 150, 3, 'zaduženo', '2023-10-31 18:31:43', 1, '', 2),
	(4, 'S4PT4038', 'ZE06878662', 152, 4, 'zaduženo', '2023-10-31 18:32:01', 1, '', 2),
	(5, 'S4PT4040', 'ZE06878664', 200, 5, 'zaduženo', '2023-10-31 18:32:20', 1, '', 2),
	(6, 'S4PT4044', 'ZE06878663', 201, 6, 'zaduženo', '2023-10-31 18:34:27', 1, '', 2),
	(7, 'CZC1118K7Z', 'ZG0687167', 207, 7, 'zaduženo', '2023-10-31 22:09:55', 2, '', 2),
	(8, 'CZC1118K6N', 'ZG0687152', 208, 8, 'zaduženo', '2023-10-31 22:10:17', 2, '', 2),
	(9, 'CZC1118K7L', 'ZE0687908', 210, 9, 'zaduženo', '2023-10-31 22:10:32', 2, '', 2),
	(10, 'CZC1118K77', 'ZE0687907', 209, 10, 'zaduženo', '2023-10-31 22:10:52', 2, '', 2),
	(11, 'CZC1118K8N	', 'ZG0687151', 211, 11, 'zaduženo', '2023-10-31 22:11:06', 2, '', 2),
	(12, 'S4S54781', 'ZE0687457', 149, 12, 'zaduženo', '2023-10-31 22:13:21', 3, '', 2),
	(13, 'S4G27223', 'ZE0687314', 174, 13, 'zaduženo', '2023-11-08 17:12:44', 18, '', 2),
	(14, 'S4G27129', 'ZE0687342', 175, 14, 'zaduženo', '2023-11-08 17:11:46', 18, '', 2),
	(15, 'S4G27201', 'ZE0687343', 181, 15, 'zaduženo', '2023-11-08 17:12:48', 18, '', 2),
	(16, 'S4S54522', 'ZE0687453', 177, 16, 'zaduženo', '2023-11-08 17:14:04', 18, '', 2),
	(17, 'S4S54794', 'ZG0686649', 186, 17, 'zaduženo', '2023-10-31 22:14:50', 3, '', 2),
	(18, 'S4S54204', 'ZE0687500', 179, 18, 'zaduženo', '2023-10-31 22:15:05', 3, '', 2),
	(19, 'S4S54766', 'ZE0687451', 188, 19, 'zaduženo', '2023-10-31 22:15:25', 3, '', 2),
	(20, 'S4S59266', 'ZE0687443', 173, 20, 'zaduženo', '2023-10-31 22:15:43', 3, '', 2),
	(21, 'S4G27138', 'ZE0687317', 169, 21, 'zaduženo', '2023-11-08 17:13:24', 18, '', 2),
	(22, 'S4S59287', 'ZG0686647', 151, 22, 'zaduženo', '2023-11-08 17:10:38', 18, '', 2),
	(23, 'S4S54800', 'ZG0686648', 212, 23, 'zaduženo', '2023-10-31 22:29:56', 3, '', 2),
	(24, 'S4S41757', 'ZE0687444', 213, 24, 'zaduženo', '2023-10-31 22:30:11', 3, '', 2),
	(25, 'S4S54770', 'ZE0687450', 215, 25, 'zaduženo', '2023-11-03 23:24:45', 3, '', 2),
	(26, 'S4S59270', 'ZG0686646', 390, 410, 'razduženo', '2023-11-09 14:09:03', 3, '', 2),
	(27, 'S4S59302', 'ZE0687441', 390, 409, 'razduženo', '2023-11-09 14:07:43', 3, '', 2),
	(28, 'S4S59410', 'Z0069566', 251, 28, 'zaduženo', '2023-11-03 23:29:34', 3, '', 2),
	(29, 'S4S54758', 'ZE0687455', 168, 29, 'zaduženo', '2023-11-03 23:30:31', 3, '', 2),
	(30, 'S4S54785', 'ZE0687452', 216, 30, 'zaduženo', '2023-11-03 23:30:58', 3, '', 2),
	(31, 'S4S54754', 'ZE0687456', 194, 31, 'zaduženo', '2023-11-03 23:31:35', 3, '', 2),
	(32, 'S4S54174', 'ZE0687447', 268, 32, 'zaduženo', '2023-11-03 23:32:25', 3, '', 2),
	(33, 'CN41060H2W', 'ZE0687919', 278, 33, 'zaduženo', '2023-11-03 23:41:11', 9, '', 4),
	(34, 'CN41060HNB', 'ZE0687925', 208, 34, 'zaduženo', '2023-11-03 23:41:30', 9, '', 4),
	(35, 'CN41060BDC', 'ZE0687927', 200, 35, 'zaduženo', '2023-11-03 23:42:12', 9, '', 4),
	(36, 'CN41060Z0V', 'ZE0687922', 212, 36, 'zaduženo', '2023-11-03 23:42:39', 9, '', 4),
	(37, 'CN41060BF5', 'ZE0687918', 157, 37, 'zaduženo', '2023-11-03 23:42:58', 9, '', 4),
	(38, 'CN41060BDX', 'ZE0687928', 196, 38, 'zaduženo', '2023-11-03 23:43:30', 9, '', 4),
	(39, 'CN41060HPK', 'ZG0687157', 159, 39, 'zaduženo', '2023-11-03 23:43:54', 9, '', 4),
	(40, 'CN41060HPQ', 'ZE0687929', 213, 40, 'zaduženo', '2023-11-03 23:44:37', 9, '', 4),
	(41, 'S4XTZN1', 'ZG06860336', 247, 41, 'zaduženo', '2023-11-03 23:46:33', 6, '', 2),
	(42, 'S4XTZB5', 'ZE0687161', 239, 42, 'zaduženo', '2023-11-03 23:47:02', 6, '', 2),
	(43, 'S4XTZM9', 'ZE0687168', 204, 43, 'zaduženo', '2023-11-08 16:08:07', 6, '', 2),
	(44, 'S4XTZA5', 'ZG06860334', 241, 44, 'zaduženo', '2023-11-03 23:47:52', 6, '', 2),
	(45, 'S4XTZK1', 'V048583', 274, 45, 'zaduženo', '2023-11-03 23:48:14', 6, '', 2),
	(46, 'S4XTZP2', 'ZE0687166', 178, 46, 'zaduženo', '2023-11-03 23:48:31', 6, '', 2),
	(47, 'S4XTZM8', 'ZG06860339', 269, 47, 'zaduženo', '2023-11-03 23:48:58', 6, '', 2),
	(48, 'S4XTZN7', 'ZE0687164', 184, 48, 'zaduženo', '2023-11-08 16:09:46', 6, '', 2),
	(49, 'S4XTZM1', 'ZG06860337', 180, 49, 'zaduženo', '2023-11-03 23:49:47', 6, '', 2),
	(50, 'S4XTZA3', 'ZG06860341', 159, 50, 'zaduženo', '2023-11-03 23:50:24', 6, '', 2),
	(51, 'HD2NGR3', 'ZE0687956', 172, 51, 'zaduženo', '2023-11-03 23:52:40', 7, '', 2),
	(52, '9MRLGR3', 'ZE0687957', 154, 52, 'zaduženo', '2023-11-08 16:08:01', 7, '', 2),
	(53, 'BNRLGR3', 'ZE0687958', 278, 53, 'zaduženo', '2023-11-03 23:53:13', 7, '', 2),
	(54, '6MRLGR3', 'ZG0687248', 250, 54, 'zaduženo', '2023-11-03 23:54:56', 7, '', 2),
	(55, 'CMRLGR3', 'ZE0687953', 189, 55, 'zaduženo', '2023-11-03 23:55:16', 7, '', 2),
	(56, 'FD2NGR3', 'ZE0687952', 153, 56, 'zaduženo', '2023-11-03 23:55:38', 7, '', 2),
	(57, 'GG2NGR3', 'ZG0687249', 249, 57, 'zaduženo', '2023-11-03 23:56:03', 7, '', 2),
	(58, 'C55DFD3', 'ZG0687148', 176, 58, 'zaduženo', '2023-11-05 16:07:39', 15, '', 2),
	(59, '145DFD3', 'ZE0687904', 262, 59, 'zaduženo', '2023-11-05 16:07:58', 15, '', 2),
	(60, '955DFD3', 'ZG0687145', 236, 60, 'zaduženo', '2023-11-05 16:08:16', 15, '', 2),
	(61, 'G45DFD3', 'ZE0687900', 255, 61, 'zaduženo', '2023-11-05 16:08:33', 15, '', 2),
	(62, '265DFD3', 'ZE0687903', 260, 62, 'zaduženo', '2023-11-05 16:08:55', 15, '', 2),
	(63, 'D55DFD3', 'ZE06879013', 256, 63, 'zaduženo', '2023-11-05 16:09:16', 15, '', 2),
	(64, '715DFD3', 'ZE0687906', 195, 64, 'zaduženo', '2023-11-05 16:09:36', 15, '', 2),
	(65, 'F45DFD3', 'ZE0687902', 261, 65, 'zaduženo', '2023-11-05 16:09:56', 15, '', 2),
	(66, 'CN0F29G1WSL0012RAGLB', 'ZE0687915', 186, 66, 'zaduženo', '2023-11-05 16:20:12', 16, '', 4),
	(67, '5MTZ7N3', 'ZE0687963', 172, 67, 'zaduženo', '2023-11-05 16:24:54', 17, '', 4),
	(68, '5KRZ7N3', 'ZE0687964', 154, 68, 'zaduženo', '2023-11-05 16:25:13', 17, '', 4),
	(69, '5TW08N3', 'ZE0687965', 278, 69, 'zaduženo', '2023-11-05 16:25:29', 17, '', 4),
	(70, '17108N3', 'ZE0687961', 183, 70, 'zaduženo', '2023-11-05 16:25:45', 17, '', 4),
	(71, '5LTZ7N3', 'ZG0687252', 251, 71, 'zaduženo', '2023-11-05 16:26:01', 17, '', 4),
	(72, '5ZW08N3', 'ZG0687250', 250, 72, 'zaduženo', '2023-11-05 16:26:53', 17, '', 4),
	(73, '5R618N3', 'ZE0687960', 189, 73, 'zaduženo', '2023-11-05 16:27:12', 17, '', 4),
	(74, '54V08N3', 'ZE0687959', 153, 74, 'zaduženo', '2023-11-05 16:27:28', 17, '', 4),
	(75, 'HZJ0Q83', 'ZE0687916', 188, 75, 'zaduženo', '2023-11-07 18:17:08', 16, '', 4),
	(76, 'PBYWTNR', 'ZG06860252', 171, 76, 'zaduženo', '2023-11-08 16:18:52', 6, 'M SERIES', 2),
	(77, 'PBYWTNN', 'ZG06860258', 156, 77, 'zaduženo', '2023-11-08 16:21:23', 6, 'M SERIES', 2),
	(78, 'S4XVBB1', 'ZE0687163', 196, 78, 'zaduženo', '2023-11-08 16:21:51', 6, 'M SERIES', 2),
	(79, 'S4XTZM6', 'ZG06860372', 203, 79, 'zaduženo', '2023-11-08 16:24:04', 6, 'M SERIES', 2),
	(80, 'S4XTZA8', 'ZE0687211', 237, 80, 'zaduženo', '2023-11-08 16:24:51', 6, 'M SERIES', 2),
	(81, 'S4XVBA8', 'V048601', 351, 81, 'zaduženo', '2023-11-08 16:30:56', 6, 'M SERIES', 2),
	(82, 'PBYWVBM', 'ZG06860251', 248, 82, 'zaduženo', '2023-11-08 16:31:15', 6, 'M SERIES', 2),
	(83, 'S4XVBF1', 'ZE0687207', 238, 83, 'zaduženo', '2023-11-08 16:31:34', 6, 'M SERIES', 2),
	(84, 'S4XVAD7', 'ZE0687207', 252, 84, 'zaduženo', '2023-11-08 16:32:02', 6, 'ZG06860428', 2),
	(85, 'S4XTZB3', 'ZE0687189', 346, 85, 'zaduženo', '2023-11-08 16:32:35', 6, 'ZG06860428', 2),
	(86, 'S4XTZM4', 'ZE0687212', 304, 86, 'zaduženo', '2023-11-08 16:33:51', 6, 'ZG06860428', 2),
	(87, 'S4XVBE5', 'ZG06860256', 279, 87, 'zaduženo', '2023-11-08 16:34:23', 6, 'M SERIES', 2),
	(88, 'PBYWTNP', 'M32242', 283, 88, 'zaduženo', '2023-11-08 16:34:57', 6, 'M SERIES', 2),
	(89, 'S4XTZC0', 'ZG06860340', 352, 89, 'zaduženo', '2023-11-08 16:38:28', 6, 'M SERIES', 2),
	(90, 'S4XTZB1', 'ZG06860335', 353, 90, 'zaduženo', '2023-11-08 16:45:11', 6, 'M SERIES', 2),
	(91, 'C4XVBC8', 'ZG06860370', 354, 91, 'zaduženo', '2023-11-08 16:55:37', 6, 'M SERIES', 2),
	(92, 'S4XVAD1', 'ZG06860373', 355, 92, 'zaduženo', '2023-11-08 16:55:58', 6, 'M SERIES', 2),
	(93, 'PBYWVBT', 'NEMA', 355, 93, 'zaduženo', '2023-11-08 16:56:15', 6, 'M SERIES', 2),
	(94, 'PBYWTPY', 'ZE0687209', 356, 94, 'zaduženo', '2023-11-08 16:56:31', 6, 'M SERIES', 2),
	(95, 'PBYWVBV', 'ZG06860430', 357, 95, 'zaduženo', '2023-11-08 16:56:45', 6, 'M SERIES', 2),
	(96, 'PBYWVBR', 'M42598', 305, 96, 'zaduženo', '2023-11-08 16:57:01', 6, 'M SERIES', 2),
	(97, 'PBYWTRF', 'ZG06860257', 315, 97, 'zaduženo', '2023-11-08 16:57:20', 6, 'M SERIES', 2),
	(98, 'PBYWVBP', 'V0047226', 358, 98, 'zaduženo', '2023-11-08 16:57:38', 6, 'M SERIES', 2),
	(99, 'S4S54176', 'ZE0687445', 359, 99, 'zaduženo', '2023-11-08 17:16:50', 3, '', 2),
	(100, 'S4G27130', 'ZE0687344', 272, 100, 'zaduženo', '2023-11-08 17:21:58', 18, '', 2),
	(101, 'S4S59293', 'ZE0687442', 360, 101, 'zaduženo', '2023-11-08 17:19:56', 3, '', 2),
	(102, 'S4S59323', 'ZG0686643', 361, 102, 'zaduženo', '2023-11-08 17:24:01', 3, '', 2),
	(103, 'S4G27204', 'ZE0687341', 199, 103, 'zaduženo', '2023-11-08 17:25:03', 18, '', 2),
	(104, 'S4G27131', 'M11541', 214, 104, 'zaduženo', '2023-11-08 17:26:11', 18, '', 2),
	(105, 'S4S54789', 'ZE0687454', 300, 105, 'zaduženo', '2023-11-08 17:26:54', 3, '', 2),
	(106, 'S4S59386', 'ZG0686645', 308, 106, 'zaduženo', '2023-11-08 17:27:06', 3, '', 2),
	(107, 'S4G27219', 'M32390', 286, 107, 'zaduženo', '2023-11-08 17:28:00', 18, '', 2),
	(108, 'S4G27139', 'Z0069526', 334, 108, 'zaduženo', '2023-11-08 17:29:14', 18, '', 2),
	(109, 'S4S59279', 'Z0069565', 344, 109, 'zaduženo', '2023-11-08 17:29:29', 18, '', 2),
	(110, 'S4G27133', 'V047315', 324, 110, 'zaduženo', '2023-11-08 17:29:58', 18, '', 2),
	(111, 'S4S54777', 'ZE0687448', 320, 111, 'zaduženo', '2023-11-08 17:30:22', 3, '', 2),
	(112, 'S4S54170', 'V0047353', 323, 112, 'zaduženo', '2023-11-08 17:30:33', 3, '', 2),
	(113, 'S4S54186', 'ZE0687446', 328, 113, 'zaduženo', '2023-11-08 17:30:53', 3, '', 2),
	(114, 'S4S59391', 'ZG0686644', 221, 114, 'zaduženo', '2023-11-08 17:31:36', 3, '', 2),
	(115, 'S4G27140', 'ZE0687315', 321, 115, 'zaduženo', '2023-11-08 17:31:57', 18, '', 2),
	(116, 'S4S54805', 'O-005314', 295, 116, 'zaduženo', '2023-11-08 17:32:28', 18, '', 2),
	(117, 'S4S54187', 'O-005313', 297, 117, 'zaduženo', '2023-11-08 17:32:46', 3, '', 2),
	(118, 'S4S59260', 'O-005312', 231, 118, 'zaduženo', '2023-11-08 17:33:12', 3, '', 2),
	(119, 'S4S59297', 'K0153666', 234, 119, 'zaduženo', '2023-11-08 17:33:28', 3, '', 2),
	(120, 'S4G27215', 'ZE0687340', 226, 120, 'zaduženo', '2023-11-08 17:33:49', 18, '', 2),
	(121, 'S4G29467', 'ZE0687296', 158, 121, 'zaduženo', '2023-11-08 17:37:19', 5, '', 2),
	(122, 'S4G29515', 'ZE0687283', 185, 122, 'zaduženo', '2023-11-08 17:37:34', 5, '', 2),
	(123, 'S4G29354', 'ZE0687285', 198, 123, 'zaduženo', '2023-11-08 17:38:45', 5, '', 2),
	(124, 'S4G29113', 'ZE0687284', 164, 124, 'zaduženo', '2023-11-08 17:38:58', 5, '', 2),
	(125, 'S4G29428', 'ZE0687298', 267, 125, 'zaduženo', '2023-11-08 17:39:08', 5, '', 2),
	(126, 'S4G29236', 'ZE0687293', 247, 126, 'zaduženo', '2023-11-08 17:39:19', 5, '', 2),
	(127, 'S4G29448', 'M32385', 246, 127, 'zaduženo', '2023-11-08 17:39:59', 5, '', 2),
	(128, 'S4G29042', 'M32387', 362, 128, 'zaduženo', '2023-11-08 17:41:20', 5, '', 2),
	(129, 'S4G29347', 'Z0069523', 344, 129, 'zaduženo', '2023-11-08 17:41:41', 5, '', 2),
	(130, 'S4G29301', 'V0047311', 318, 130, 'zaduženo', '2023-11-08 17:41:59', 5, '', 2),
	(131, 'S4G29358', 'V047107', 316, 131, 'zaduženo', '2023-11-08 17:42:25', 5, '', 2),
	(132, 'S4G29435', 'O-005272', 299, 132, 'zaduženo', '2023-11-08 17:42:45', 5, '', 2),
	(133, 'S4G29491', 'ZE0687290', 363, 133, 'zaduženo', '2023-11-08 17:49:13', 5, '', 2),
	(134, 'S4G29356', 'ZE0687287', 363, 134, 'zaduženo', '2023-11-08 17:49:37', 5, '', 2),
	(135, 'S4G29328', 'ZE0687289', 363, 135, 'zaduženo', '2023-11-08 17:49:50', 5, '', 2),
	(136, 'S4G29406', 'ZE0687291', 364, 136, 'zaduženo', '2023-11-08 17:50:00', 5, '', 2),
	(137, 'S4G29352', 'ZE0687286', 365, 137, 'zaduženo', '2023-11-08 17:50:13', 5, '', 2),
	(138, 'S4G29454', 'ZE0687292', 366, 138, 'zaduženo', '2023-11-08 17:50:26', 5, '', 2),
	(139, 'S4G29519', 'ZE0687288', 367, 139, 'zaduženo', '2023-11-08 17:50:40', 5, '', 2),
	(140, 'S4G29450', 'KO1530605', 229, 140, 'zaduženo', '2023-11-08 17:50:50', 5, '', 2),
	(141, 'S4G29445', 'K01530607', 227, 141, 'zaduženo', '2023-11-08 17:50:59', 5, '', 2),
	(142, 'S4G29360', 'K01530606', 233, 142, 'zaduženo', '2023-11-08 17:51:11', 5, '', 2),
	(143, 'S4G29367', 'M32386', 284, 143, 'zaduženo', '2023-11-08 17:51:22', 5, '', 2),
	(144, 'S4G29427', 'M11539', 289, 144, 'zaduženo', '2023-11-08 17:51:33', 5, '', 2),
	(145, 'S4G29362', 'O-005271', 298, 145, 'zaduženo', '2023-11-08 17:51:45', 5, '', 2),
	(146, 'S4G29422', 'O-005273', 298, 146, 'zaduženo', '2023-11-08 17:51:58', 5, '', 2),
	(147, 'S4G29371', 'M42728', 303, 147, 'zaduženo', '2023-11-08 17:52:28', 5, '', 2),
	(148, 'S4G29430', 'M42729', 305, 148, 'zaduženo', '2023-11-08 17:52:38', 5, '', 2),
	(149, 'S4G29342', 'V0047309', 325, 149, 'zaduženo', '2023-11-08 17:52:51', 5, '', 2),
	(150, 'S4G29372', 'V0047310', 368, 150, 'zaduženo', '2023-11-08 17:53:01', 5, '', 2),
	(151, '1F2NGR3', 'ZE0687954', 183, 151, 'zaduženo', '2023-11-08 17:55:41', 7, '', 2),
	(152, '5H2NGR3', 'ZE0687955', 369, 152, 'zaduženo', '2023-11-08 17:57:46', 7, '', 2),
	(153, 'FMRLGR3', 'ZE0687969', 349, 153, 'zaduženo', '2023-11-08 17:58:35', 7, '', 2),
	(154, 'CNRLGR3', 'M11686', 214, 154, 'zaduženo', '2023-11-08 17:58:53', 7, '', 2),
	(155, '4NRLGR3', 'M43208', 301, 155, 'zaduženo', '2023-11-08 17:59:15', 7, '', 2),
	(156, 'HLRLGR3', 'V048753', 311, 156, 'zaduženo', '2023-11-08 18:00:03', 7, '', 2),
	(157, '4F2NGR3', 'ZE0687979', 370, 157, 'zaduženo', '2023-11-08 18:04:37', 7, '', 2),
	(158, '6H2NGR3', 'ZE0687973', 371, 158, 'zaduženo', '2023-11-08 18:04:49', 7, '', 2),
	(159, '8H2NGR3', 'ZE0687976', 372, 159, 'zaduženo', '2023-11-08 18:05:06', 7, '', 2),
	(160, 'BF2NGR3', 'ZE0687980', 225, 160, 'zaduženo', '2023-11-08 18:05:17', 7, '', 2),
	(161, 'BH2NGR3', 'ZE0687978', 280, 161, 'zaduženo', '2023-11-08 18:05:28', 7, '', 2),
	(162, 'JG2NGR3', 'ZE0687977', 303, 162, 'zaduženo', '2023-11-08 18:05:38', 7, '', 2),
	(163, '4H2NGR3', 'ZE0687974', 309, 163, 'zaduženo', '2023-11-08 18:05:49', 7, '', 2),
	(164, '9H2NGR3', 'ZE0687982', 313, 164, 'zaduženo', '2023-11-08 18:06:01', 7, '', 2),
	(165, '7H2NGR3', 'ZE0687981', 224, 165, 'zaduženo', '2023-11-08 18:06:16', 7, '', 2),
	(166, 'HG2NGR3', 'ZE0687975', 330, 166, 'zaduženo', '2023-11-08 18:06:27', 7, '', 2),
	(167, 'B55DFD3', 'ZE0687905', 373, 167, 'zaduženo', '2023-11-08 18:09:00', 15, '', 2),
	(168, '445DFD3', 'M43101', 302, 168, 'zaduženo', '2023-11-08 18:09:36', 15, '', 2),
	(169, 'H35DFD3', 'Z0069759', 343, 169, 'zaduženo', '2023-11-08 18:10:01', 15, '', 2),
	(170, '245DFD3', 'V005058', 327, 170, 'zaduženo', '2023-11-08 18:10:22', 15, '', 2),
	(171, 'B65DFD3', 'V048726', 314, 171, 'zaduženo', '2023-11-08 18:10:39', 15, '', 2),
	(172, '365DFD3', 'O-005448', 296, 172, 'zaduženo', '2023-11-08 18:11:02', 15, '', 2),
	(173, '665DFD3', 'M43102', 374, 173, 'zaduženo', '2023-11-08 18:15:39', 15, '', 2),
	(174, '455DFD3', 'ZG0687146', 375, 174, 'zaduženo', '2023-11-08 18:15:52', 15, '', 2),
	(175, '165DFD3', 'ZG0687147', 376, 175, 'zaduženo', '2023-11-08 18:16:06', 15, '', 2),
	(176, '865DFD3', 'ZG0687149', 377, 176, 'zaduženo', '2023-11-08 18:16:18', 15, '', 2),
	(177, '845DFD3', 'V005059', 368, 177, 'zaduženo', '2023-11-08 18:16:28', 15, '', 2),
	(178, '755DFD3', 'K0153858', 378, 178, 'zaduženo', '2023-11-08 18:23:01', 15, '', 2),
	(179, '645DFD3', 'M11670', 289, 179, 'zaduženo', '2023-11-08 18:23:14', 15, '', 2),
	(180, 'CZC0017L8R', 'M11382', 257, 180, 'zaduženo', '2023-11-08 18:42:02', 4, '', 2),
	(181, 'CZC9095TTL', 'ZE0686688', 264, 181, 'zaduženo', '2023-11-08 18:42:14', 4, '', 2),
	(182, 'CZC0017L1C', 'ZE0686701', 258, 182, 'zaduženo', '2023-11-08 18:42:24', 4, '', 2),
	(183, 'CZC0017L26', 'ZE0686100', 170, 183, 'zaduženo', '2023-11-08 18:42:42', 4, '', 2),
	(184, 'CZC9095V0W', 'O-005042', 271, 184, 'zaduženo', '2023-11-08 18:42:54', 4, '', 2),
	(185, 'CZC9095TWS', 'ZE0686734', 276, 185, 'zaduženo', '2023-11-08 18:43:09', 4, '', 2),
	(186, 'CZC0017L83', 'ZE0685971', 263, 186, 'zaduženo', '2023-11-08 18:43:22', 4, '', 2),
	(187, 'CZC0017L3S', 'Z0069245', 274, 187, 'zaduženo', '2023-11-08 18:43:43', 4, 'Protokol', 2),
	(188, 'CZC9095TQ5', 'ZE0686729', 274, 188, 'zaduženo', '2023-11-08 18:44:29', 4, 'Protokol 2', 2),
	(189, 'CZC0017L8G', 'ZE0685701', 270, 189, 'zaduženo', '2023-11-08 18:44:41', 4, 'Protokol 2', 2),
	(190, 'CZC9095TVK', 'ZG0685706', 199, 190, 'zaduženo', '2023-11-08 18:45:15', 4, 'Protokol 2', 2),
	(191, 'CZC9095TLP', 'ZG0685767', 199, 191, 'zaduženo', '2023-11-08 18:45:26', 4, 'Protokol 2', 2),
	(192, 'CZC9095TZC', 'ZG0685742', 162, 192, 'zaduženo', '2023-11-08 18:45:38', 4, 'Protokol 2', 2),
	(193, 'CZC0017L4W', 'NEMA', 242, 193, 'zaduženo', '2023-11-08 18:45:53', 4, 'Protokol 2', 2),
	(194, 'CZC0017L2K', 'ZE0685703', 189, 194, 'zaduženo', '2023-11-08 18:46:03', 4, 'Protokol 2', 2),
	(195, 'CZC9095V4V', 'ZG0685699', 161, 195, 'zaduženo', '2023-11-08 18:46:20', 4, 'Protokol 2', 2),
	(196, 'CZC0017L85', 'NEMA', 379, 196, 'zaduženo', '2023-11-08 18:47:45', 4, 'Ne vodi se', 2),
	(197, 'CZC0017L95', 'NEMA', 380, 197, 'zaduženo', '2023-11-08 18:48:56', 4, 'Ne vodi se', 2),
	(198, 'CZC9095V6S', 'ZE0686700', 244, 198, 'zaduženo', '2023-11-08 18:49:06', 4, 'Ne vodi se', 2),
	(199, 'CZC9095V53', 'M42043', 245, 199, 'zaduženo', '2023-11-08 18:49:18', 4, 'Ne vodi se', 2),
	(200, 'CZC0017L3Q', 'ZE0686089', 253, 200, 'zaduženo', '2023-11-08 18:49:29', 4, 'Ne vodi se', 2),
	(201, 'CZC0017L8P', 'ZE0686699', 239, 201, 'zaduženo', '2023-11-08 18:49:39', 4, 'Ne vodi se', 2),
	(202, 'CZC9095V3Y', 'ZG0685653', 240, 202, 'zaduženo', '2023-11-08 18:49:57', 4, 'Ne vodi se', 2),
	(203, 'CZC9095TR5', 'ZG0685707', 249, 203, 'zaduženo', '2023-11-08 18:50:06', 4, 'Ne vodi se', 2),
	(204, 'CZC9095V4D', 'ZE0686690', 347, 204, 'zaduženo', '2023-11-08 18:50:33', 4, 'Ne vodi se', 2),
	(205, 'CZC0017L1W', 'M11381', 214, 205, 'zaduženo', '2023-11-08 18:50:51', 4, 'Ne vodi se', 2),
	(206, 'CZC0017L32', 'ZE0686725', 163, 206, 'zaduženo', '2023-11-08 18:51:03', 4, 'Ne vodi se', 2),
	(207, 'CZC9095TWR', 'M11374', 293, 207, 'zaduženo', '2023-11-08 18:51:13', 4, 'Ne vodi se', 2),
	(208, 'CZC9095TTX', 'M42124', 306, 208, 'zaduženo', '2023-11-08 18:51:34', 4, 'Ne vodi se', 2),
	(209, 'CZC9095TN4', 'ZE0686940', 307, 209, 'zaduženo', '2023-11-08 18:52:06', 4, 'Ne vodi se', 2),
	(210, 'CZC0017L79', 'M42123', 310, 210, 'zaduženo', '2023-11-08 18:52:18', 4, 'Ne vodi se', 2),
	(211, 'CZC9095TZ1', 'ZE0686679', 381, 211, 'zaduženo', '2023-11-08 18:54:09', 4, 'Ne vodi se', 2),
	(212, 'CZC9095TMR', 'M32113', 281, 212, 'zaduženo', '2023-11-08 18:54:19', 4, 'Ne vodi se', 2),
	(213, 'CZC0017L10', 'ZE0686703', 382, 213, 'zaduženo', '2023-11-08 18:55:20', 4, 'Ne vodi se', 2),
	(214, 'CZC0017L2R', 'M32114', 383, 214, 'zaduženo', '2023-11-08 18:56:15', 4, 'Ne vodi se', 2),
	(215, 'CZC9095TWD', 'NEMA', 384, 215, 'zaduženo', '2023-11-08 18:57:24', 4, 'Ne vodi se', 2),
	(216, 'CZC9095TV5', 'M32115', 362, 216, 'zaduženo', '2023-11-08 18:57:34', 4, 'Ne vodi se', 2),
	(217, 'CZC9095TM5', 'V0047037', 339, 217, 'zaduženo', '2023-11-08 18:57:56', 4, 'Ne vodi se', 2),
	(218, 'CZC9095V5T', 'Z0069280', 336, 218, 'zaduženo', '2023-11-08 18:58:07', 4, 'Ne vodi se', 2),
	(219, 'CZC9095TTC', 'ZG0685754', 341, 219, 'zaduženo', '2023-11-08 18:58:18', 4, 'Ne vodi se', 2),
	(220, 'CZC9095TL9', 'ZE0686684', 342, 220, 'zaduženo', '2023-11-08 18:58:28', 4, 'Ne vodi se', 2),
	(221, 'CZC9095V30', 'K0152833', 342, 221, 'zaduženo', '2023-11-08 18:58:38', 4, 'Ne vodi se', 2),
	(222, 'CZC9095TV9', 'Z0069244', 345, 222, 'zaduženo', '2023-11-08 18:58:50', 4, 'Ne vodi se', 2),
	(223, 'CZC0017L1K', 'V0046948', 317, 223, 'zaduženo', '2023-11-08 18:59:14', 4, 'Ne vodi se', 2),
	(224, 'CZC9095V51', 'M42045', 319, 224, 'zaduženo', '2023-11-08 18:59:24', 4, 'Ne vodi se', 2),
	(225, 'CZC9095V2M', 'V0046946', 323, 225, 'zaduženo', '2023-11-08 18:59:34', 4, 'Ne vodi se', 2),
	(226, 'DL3A0949170512', 'ZE0686686', 324, 226, 'zaduženo', '2023-11-08 18:59:44', 4, 'Ne vodi se', 2),
	(227, 'CZC9095V4T', 'ZG0685964', 326, 227, 'zaduženo', '2023-11-08 18:59:53', 4, 'Ne vodi se', 2),
	(228, 'CZC9095V23', 'V0046945', 328, 228, 'zaduženo', '2023-11-08 19:00:06', 4, 'Ne vodi se', 2),
	(229, 'CZC9095TMZ', 'ZE0686689', 328, 229, 'zaduženo', '2023-11-08 19:00:17', 4, 'Ne vodi se', 2),
	(230, 'CZC0017L9P', 'NEMA', 329, 230, 'zaduženo', '2023-11-08 19:00:30', 4, 'Ne vodi se', 2),
	(231, 'CZC9095TPG', 'V0047041', 312, 231, 'zaduženo', '2023-11-08 19:00:54', 4, 'Ne vodi se', 2),
	(232, 'CZC9095TMT', 'ZG0685739', 206, 232, 'zaduženo', '2023-11-08 19:01:12', 4, 'Ne vodi se', 2),
	(233, 'CZC9095V63', 'V046897', 220, 233, 'zaduženo', '2023-11-08 19:01:30', 4, 'Ne vodi se', 2),
	(234, 'CZC9095TNB', 'ZE0686037', 223, 234, 'zaduženo', '2023-11-08 19:01:40', 4, 'Ne vodi se', 2),
	(235, 'CZC9095TTZ', 'ZG0685924', 235, 235, 'zaduženo', '2023-11-08 19:02:08', 4, 'Ne vodi se', 2),
	(236, 'CZC9095TWJ', 'ZE0686727', 230, 236, 'zaduženo', '2023-11-08 19:02:18', 4, 'Ne vodi se', 2),
	(237, 'CZC9095TLQ', 'ZG0685741', 228, 237, 'zaduženo', '2023-11-08 19:03:16', 4, 'Ne vodi se', 2),
	(238, 'CZC9095V0T', 'O-005134', 234, 238, 'zaduženo', '2023-11-08 19:03:30', 4, 'Ne vodi se', 2),
	(239, 'CZC9095V1S', 'V048431', 366, 239, 'zaduženo', '2023-11-08 19:04:12', 4, 'Ne vodi se', 2),
	(240, 'CZC0017L89', 'ZG0685737', 367, 240, 'zaduženo', '2023-11-08 19:04:28', 4, 'Ne vodi se', 2),
	(241, 'CZC9095V6X', 'ZG0685700', 277, 241, 'zaduženo', '2023-11-08 19:04:44', 4, 'Ne vodi se', 2),
	(242, 'CZC0017L2J', 'ZG0685825', 277, 242, 'zaduženo', '2023-11-08 19:04:57', 4, 'Ne vodi se', 2),
	(243, 'CZC9095TNC', 'ZG0685701', 372, 243, 'zaduženo', '2023-11-08 19:05:10', 4, 'Ne vodi se', 2),
	(244, 'CZC9095TTQ', 'ZE0686691', 225, 244, 'zaduženo', '2023-11-08 19:05:34', 4, 'Ne vodi se', 2),
	(245, 'CZC0017L9H', 'ZG0685738', 225, 245, 'zaduženo', '2023-11-08 19:05:44', 4, 'Ne vodi se', 2),
	(246, 'CZC0017L1M', 'ZE0686735', 233, 246, 'zaduženo', '2023-11-08 19:05:55', 4, 'Ne vodi se', 2),
	(247, 'CZC9095V25', 'V0046949', 284, 247, 'zaduženo', '2023-11-08 19:06:09', 4, 'Ne vodi se', 2),
	(248, 'CZC9095TM3', 'V046979', 224, 248, 'zaduženo', '2023-11-08 19:06:23', 4, 'Ne vodi se', 2),
	(249, 'CZC9095TLZ', 'K0152836', 330, 249, 'zaduženo', '2023-11-08 19:06:36', 4, 'Ne vodi se', 2),
	(250, 'CZC9095TRN', 'V0047038', 368, 250, 'zaduženo', '2023-11-08 19:06:47', 4, 'Ne vodi se', 2),
	(251, 'CZC0017L2T', 'M11373', 385, 251, 'zaduženo', '2023-11-08 19:07:49', 4, 'Ne vodi se', 2),
	(252, 'CZC82600X4', 'M41962', 363, 252, 'zaduženo', '2023-11-08 21:12:08', 19, '', 2),
	(253, 'CZC8247LLZ', 'V046847', 224, 253, 'zaduženo', '2023-11-08 21:12:20', 19, '', 2),
	(254, 'CZC82600YB', 'ZE0686695', 390, 385, 'razduženo', '2023-11-09 13:50:08', 19, '', 2),
	(255, 'CZC82600Y2', 'ZG0685456', 386, 255, 'zaduženo', '2023-11-08 21:13:49', 19, '', 2),
	(256, 'CZC8247LKZ', 'ZE0685707', 332, 256, 'zaduženo', '2023-11-08 21:14:17', 19, '', 2),
	(257, 'CZC82600Z1', 'NEMA', 316, 257, 'zaduženo', '2023-11-08 21:14:38', 19, 'Ne vodi se', 2),
	(258, 'CZC82600YL', 'O-005132', 222, 258, 'zaduženo', '2023-11-08 21:14:53', 19, 'Ne vodi se', 2),
	(259, 'CZC0017L24', 'V0046965', 219, 441, 'zaduženo', '2023-11-09 14:50:13', 19, '', 2),
	(260, 'CZC1279NSJ', 'ZE0686939', 210, 260, 'zaduženo', '2023-11-08 21:17:27', 8, '', 2),
	(261, 'CZC1279NSV', 'ZE0686911', 387, 261, 'zaduženo', '2023-11-08 21:18:31', 8, '', 2),
	(262, 'CZC1279NS2', 'M32205', 273, 262, 'zaduženo', '2023-11-08 21:18:42', 8, '', 2),
	(263, 'CZC1279NT1', 'ZG0686056', 182, 263, 'zaduženo', '2023-11-08 21:18:52', 8, '', 2),
	(264, 'CZC1279NT3', 'ZE0686917', 259, 264, 'zaduženo', '2023-11-08 21:19:02', 8, '', 2),
	(265, 'CZC1279NT2', 'ZG0686059', 198, 265, 'zaduženo', '2023-11-08 21:19:23', 8, '', 2),
	(266, 'CZC1279NSS', 'K0152944', 243, 266, 'zaduženo', '2023-11-08 21:19:32', 8, '', 2),
	(267, 'CZC1279NST', 'ZG0686060', 388, 267, 'zaduženo', '2023-11-08 21:21:02', 8, '', 2),
	(268, 'CZC1279NSK', 'K0152943', 337, 268, 'zaduženo', '2023-11-08 21:21:23', 8, '', 2),
	(269, 'CZC1279NT8', 'V048485', 338, 269, 'zaduženo', '2023-11-08 21:21:34', 8, '', 2),
	(270, 'CZC1279NSF', 'ZE0686898', 331, 270, 'zaduženo', '2023-11-08 21:21:54', 8, '', 2),
	(271, 'CZC1279NSP', 'O-005152', 295, 271, 'zaduženo', '2023-11-08 21:22:43', 8, '', 2),
	(272, 'CZC1279NT4', 'ZE0686910', 313, 272, 'zaduženo', '2023-11-08 21:22:54', 8, '', 2),
	(273, 'CZC1279NS4', 'V047022', 340, 273, 'zaduženo', '2023-11-08 21:23:09', 8, '', 2),
	(274, 'CN41060HMZ', 'ZE0687923', 373, 274, 'zaduženo', '2023-11-08 21:25:52', 9, '', 4),
	(275, 'CN41060Z05', 'ZE0687921', 210, 275, 'zaduženo', '2023-11-08 21:26:02', 9, '', 4),
	(276, 'CN41060Z06', 'ZE0687924', 152, 276, 'zaduženo', '2023-11-08 21:26:21', 9, '', 4),
	(277, 'CN41060Z02', 'ZE0687922', 212, 277, 'zaduženo', '2023-11-08 21:26:32', 9, '', 4),
	(278, 'CN41060BGG', 'ZE0687926', 221, 278, 'zaduženo', '2023-11-08 21:27:33', 9, '', 4),
	(279, 'GJZ0Q83', 'ZE0687914', 148, 279, 'zaduženo', '2023-11-08 21:28:33', 16, '', 4),
	(280, 'J7K0Q83', 'ZE0687917', 246, 280, 'zaduženo', '2023-11-08 21:29:25', 16, '', 4),
	(281, '23K0Q83', 'ZG0687156', 370, 281, 'zaduženo', '2023-11-08 21:30:25', 16, '', 4),
	(282, 'B3K0Q83', 'M43103', 371, 282, 'zaduženo', '2023-11-08 21:30:37', 16, '', 4),
	(283, 'J6K0Q83', 'ZG0687155', 376, 283, 'zaduženo', '2023-11-08 21:30:47', 16, '', 4),
	(284, '87K0Q83', 'V005060', 372, 284, 'zaduženo', '2023-11-08 21:31:02', 16, '', 4),
	(285, '28K0Q83', 'K0153859', 378, 285, 'zaduženo', '2023-11-08 21:31:15', 16, '', 4),
	(286, 'FZJ0Q83', 'M11671', 289, 286, 'zaduženo', '2023-11-08 21:31:28', 16, '', 4),
	(287, 'H7K0Q83', 'ZG0687153', 224, 287, 'zaduženo', '2023-11-08 21:32:38', 16, '', 4),
	(288, 'G3K0Q83', 'ZG0687154', 330, 288, 'zaduženo', '2023-11-08 21:32:49', 16, '', 4),
	(289, '6C718N3', 'ZE0687962', 369, 289, 'zaduženo', '2023-11-08 21:33:40', 17, '', 4),
	(290, '1QV08N3', 'ZE0687960', 189, 290, 'zaduženo', '2023-11-08 21:34:02', 17, '', 4),
	(291, '56618N3', 'ZG0687252', 251, 291, 'zaduženo', '2023-11-08 21:34:12', 17, '', 4),
	(292, '54X08N3', 'ZE0687970', 349, 292, 'zaduženo', '2023-11-08 21:34:30', 17, '', 4),
	(293, '56X08N3', 'M11687', 214, 293, 'zaduženo', '2023-11-08 21:34:48', 17, '', 4),
	(294, '6MRZ7N3', 'M43209', 301, 294, 'zaduženo', '2023-11-08 21:35:04', 17, '', 4),
	(295, '54618N3', 'ZE0687986', 374, 295, 'zaduženo', '2023-11-08 21:36:08', 17, '', 4),
	(296, '18718N3', 'ZE0687992', 363, 296, 'zaduženo', '2023-11-08 21:36:20', 17, '', 4),
	(297, '1Z618N3', 'ZE0687984', 207, 297, 'zaduženo', '2023-11-08 21:36:31', 17, '', 4),
	(298, '5LW08N3', 'ZE0687988', 353, 298, 'zaduženo', '2023-11-08 21:36:41', 17, '', 4),
	(299, '10618N3', 'ZE0687983', 375, 299, 'zaduženo', '2023-11-08 21:36:50', 17, '', 4),
	(300, '5W718N3', 'ZE0687987', 377, 300, 'zaduženo', '2023-11-08 21:37:01', 17, '', 4),
	(301, '6FV08N3', 'ZE0687989', 385, 301, 'zaduženo', '2023-11-08 21:37:42', 17, '', 4),
	(302, '5M718N3', 'ZE0687991', 389, 302, 'zaduženo', '2023-11-08 21:38:30', 17, '', 4),
	(303, '63618N3', 'ZE0687985', 368, 303, 'zaduženo', '2023-11-08 21:38:40', 17, '', 4),
	(304, '5QRZ7N3', 'ZE0687990', 315, 304, 'zaduženo', '2023-11-08 21:38:52', 17, '', 4),
	(305, 'S4S59307', 'ZE0687436', 217, 305, 'zaduženo', '2023-11-08 21:41:02', 3, '', 2),
	(306, 'DL3A0841969892', 'NEMA', 171, 306, 'zaduženo', '2023-11-08 21:46:00', 11, 'Ne vodi se', 4),
	(307, 'DL3A0842004456', 'ZG06860376', 185, 307, 'zaduženo', '2023-11-08 21:46:27', 11, 'Ne vodi se', 4),
	(308, 'DL3A0841970116', 'NEMA', 162, 308, 'zaduženo', '2023-11-08 21:46:52', 11, 'Ne vodi se', 4),
	(309, 'DL3A0841970095', 'NEMA', 247, 309, 'zaduženo', '2023-11-08 21:47:04', 11, 'Ne vodi se', 4),
	(310, 'DL3A0841970105', 'NEMA', 161, 310, 'zaduženo', '2023-11-08 21:47:14', 11, 'Ne vodi se', 4),
	(311, 'DL3A0842004459', 'NEMA', 379, 311, 'zaduženo', '2023-11-08 21:47:25', 11, 'Ne vodi se', 4),
	(312, 'DL3A0842990068', 'ZE0686700', 244, 312, 'zaduženo', '2023-11-08 21:47:36', 11, 'Ne vodi se', 4),
	(313, 'DL3A0842004445', 'M11374', 293, 313, 'zaduženo', '2023-11-08 21:48:06', 11, 'Ne vodi se', 4),
	(314, 'DL3A0841970090', 'NEMA', 310, 314, 'zaduženo', '2023-11-08 21:48:39', 11, 'Ne vodi se', 4),
	(315, 'DL3A0842004440', 'M32113', 281, 315, 'zaduženo', '2023-11-08 21:49:01', 11, 'Ne vodi se', 4),
	(316, 'DL3A0841970099', 'ZG0686060', 388, 316, 'zaduženo', '2023-11-08 21:49:14', 11, 'Ne vodi se', 4),
	(317, 'DL3A0842004492', 'M32115', 362, 317, 'zaduženo', '2023-11-08 21:49:23', 11, 'Ne vodi se', 4),
	(318, 'DL3A0842003571', 'NEMA', 206, 318, 'zaduženo', '2023-11-08 21:50:03', 11, 'Ne vodi se', 4),
	(319, 'DL3A0841970140', 'NEMA', 297, 319, 'zaduženo', '2023-11-08 21:50:29', 11, 'Ne vodi se', 4),
	(320, 'DL3A0841970198', 'M11373', 385, 320, 'zaduženo', '2023-11-08 21:51:06', 11, 'Ne vodi se', 4),
	(321, 'DL3A0841970101', 'NEMA', 305, 321, 'zaduženo', '2023-11-08 21:51:19', 11, 'Ne vodi se', 4),
	(322, 'DL3A0841969857', 'ZG06860384', 368, 322, 'zaduženo', '2023-11-08 21:51:29', 11, 'Ne vodi se', 4),
	(323, 'UK0A1528008221', 'ZE0687481', 178, 323, 'zaduženo', '2023-11-08 21:52:57', 12, '', 4),
	(324, 'UK0A1528008807', 'ZE0687467', 359, 324, 'zaduženo', '2023-11-08 21:53:08', 12, '', 4),
	(325, 'UK01418024625', 'ZE0687301', 156, 325, 'zaduženo', '2023-11-08 21:53:34', 12, '', 4),
	(326, 'UK0A1528008227', 'ZE0687487', 179, 326, 'zaduženo', '2023-11-08 21:53:44', 12, '', 4),
	(327, 'UK0A1528008232', 'ZE0687488', 262, 327, 'zaduženo', '2023-11-08 21:53:54', 12, '', 4),
	(328, 'UK0A1528008219', 'ZE0687486', 268, 328, 'zaduženo', '2023-11-08 21:54:06', 12, '', 4),
	(329, 'UK0A1528008217', 'ZE0687471', 237, 329, 'zaduženo', '2023-11-08 21:54:31', 12, '', 4),
	(330, 'UK0A1528008218', 'ZE0687485', 380, 330, 'zaduženo', '2023-11-08 21:54:42', 12, '', 4),
	(331, 'UK0A1528016906', 'ZE0687480', 244, 331, 'zaduženo', '2023-11-08 21:54:52', 12, '', 4),
	(332, 'UK0A1528016920', 'ZE0687473', 252, 332, 'zaduženo', '2023-11-08 21:55:01', 12, '', 4),
	(333, 'UK0A1528008811', 'ZE0687465', 307, 333, 'zaduženo', '2023-11-08 21:55:48', 12, '', 4),
	(334, 'UK0A1528008224', 'ZE0687484', 362, 334, 'zaduženo', '2023-11-08 21:56:13', 12, '', 4),
	(335, 'UK0A1528017138', 'ZE0687466', 337, 335, 'zaduženo', '2023-11-08 21:56:34', 12, '', 4),
	(336, 'UK0A1528008230', 'ZE0687472', 342, 336, 'zaduženo', '2023-11-08 21:56:47', 12, '', 4),
	(337, 'UK0A1418024759', 'ZE0687299', 326, 337, 'zaduženo', '2023-11-08 21:57:08', 12, '', 4),
	(338, 'UK0A1528008220', 'ZE0687482', 295, 338, 'zaduženo', '2023-11-08 21:57:38', 12, '', 4),
	(339, 'UK0A1528008249', 'ZE0687479', 277, 339, 'zaduženo', '2023-11-08 21:58:09', 12, '', 4),
	(340, 'UK01528008244', 'ZE0687475', 303, 340, 'zaduženo', '2023-11-08 21:58:31', 12, '', 4),
	(341, 'CN02RK1Y742614231K3B', 'ZG0686527', 171, 341, 'zaduženo', '2023-11-08 22:07:33', 13, '', 4),
	(342, 'CN02RK1Y742614230NWB', 'ZG0686532', 180, 342, 'zaduženo', '2023-11-08 22:07:44', 13, '', 4),
	(343, 'CN02RK1Y742614231JKB', 'ZG0686525', 266, 343, 'zaduženo', '2023-11-08 22:07:55', 13, '', 4),
	(344, 'CN02RK1Y742614231KAB', 'V047101', 387, 344, 'zaduženo', '2023-11-08 22:08:06', 13, '', 4),
	(345, 'CN02RK1Y742614230NVB', 'ZG0686524', 181, 345, 'zaduženo', '2023-11-08 22:08:16', 13, '', 4),
	(346, 'CN02RK1Y742614231K7B', 'ZG0686534', 184, 346, 'zaduženo', '2023-11-08 22:08:26', 13, '', 4),
	(347, 'CN02RK1Y742614230PFB', 'ZG0686521', 205, 347, 'zaduženo', '2023-11-08 22:08:36', 13, '', 4),
	(348, 'CN02RK1Y742614230NCB', 'ZG0686518', 361, 348, 'zaduženo', '2023-11-08 22:08:59', 13, '', 4),
	(349, 'CN02RK1Y742614231JYB', 'ZG0686531', 351, 349, 'zaduženo', '2023-11-08 22:09:10', 13, '', 4),
	(350, 'CN02RK1Y742614230N6B', 'ZG0686519', 238, 350, 'zaduženo', '2023-11-08 22:09:19', 13, '', 4),
	(351, 'CN02RK1Y742614231JRB', 'K01530598', 380, 351, 'zaduženo', '2023-11-08 22:09:28', 13, '', 4),
	(352, 'CN02RK1Y742614230P0B', 'ZG0686520', 239, 352, 'zaduženo', '2023-11-08 22:09:37', 13, '', 4),
	(353, 'CN02RK1Y742614231JHB', 'M11499', 288, 353, 'zaduženo', '2023-11-08 22:10:07', 13, '', 4),
	(354, 'CN02RK1Y742614230N8B', 'ZG0686528', 214, 354, 'zaduženo', '2023-11-08 22:10:16', 13, '', 4),
	(355, 'CN02RK1Y742614230PGB', 'ZG0686517', 300, 355, 'zaduženo', '2023-11-08 22:10:35', 13, '', 4),
	(356, 'CN02RK1Y742614230PAB', 'M32308', 279, 356, 'zaduženo', '2023-11-08 22:10:53', 13, '', 4),
	(357, 'CN02RK1Y742614231K9B', 'M32307', 362, 357, 'zaduženo', '2023-11-08 22:11:02', 13, '', 4),
	(358, 'CN02RK1Y742614230NMB', 'Z0069516', 334, 358, 'zaduženo', '2023-11-08 22:11:21', 13, '', 4),
	(359, 'CN02RK1Y742614230NLB', 'Z0069515', 338, 359, 'zaduženo', '2023-11-08 22:11:33', 13, '', 4),
	(360, 'CN02RK1Y742614230NGB', 'ZG0686529', 324, 360, 'zaduženo', '2023-11-08 22:11:49', 13, '', 4),
	(361, 'CN02RK1Y742614231K2B', 'V047102', 222, 361, 'zaduženo', '2023-11-08 22:12:14', 13, '', 4),
	(362, 'CN02RK1Y742614231JVB', 'V047103', 220, 362, 'zaduženo', '2023-11-08 22:12:24', 13, '', 4),
	(363, 'CN02RK1Y742614230NJB', 'ZG0686533', 296, 363, 'zaduženo', '2023-11-08 22:12:42', 13, '', 4),
	(364, 'CN02RK1Y742614230NRB', 'ZG0686516', 352, 364, 'zaduženo', '2023-11-08 22:12:53', 13, '', 4),
	(365, 'CN02RK1Y742614231P7B', 'ZG0686515', 232, 365, 'zaduženo', '2023-11-08 22:13:12', 13, '', 4),
	(366, 'CN02RK1Y742614230NNB', 'K01530597', 231, 366, 'zaduženo', '2023-11-08 22:13:23', 13, '', 4),
	(367, 'CN02RK1Y742614230P98', 'ZG0686522', 234, 367, 'zaduženo', '2023-11-08 22:13:34', 13, '', 4),
	(368, 'CN02RK1Y742614230P6B', 'ZG0686526', 225, 368, 'zaduženo', '2023-11-08 22:13:57', 13, '', 4),
	(369, 'CNC60839C7', 'NEMA', 171, 369, 'zaduženo', '2023-11-08 22:17:15', 14, 'Ne vodi se', 4),
	(370, 'CNC60839NS', 'NEMA', 171, 370, 'zaduženo', '2023-11-08 22:17:26', 14, 'Ne vodi se', 4),
	(371, 'CNC6083B49', 'NEMA', 171, 371, 'zaduženo', '2023-11-08 22:17:37', 14, 'Ne vodi se', 4),
	(372, 'D8LMTF014932', 'ZG06860361', 241, 372, 'zaduženo', '2023-11-08 22:18:59', 10, '', 4),
	(373, 'D8LMTF113086', 'ZG06860371', 366, 373, 'zaduženo', '2023-11-08 22:20:18', 10, '', 4),
	(374, 'D8LMTF015089', 'ZG06860380', 217, 374, 'zaduženo', '2023-11-08 22:20:33', 10, '', 4),
	(375, 'D8LMTF113067', 'ZG06860374', 355, 375, 'zaduženo', '2023-11-08 22:20:43', 10, '', 4),
	(376, 'D8LMTF014948', 'ZE0687215', 372, 376, 'zaduženo', '2023-11-08 22:20:58', 10, '', 4),
	(377, 'BCLMQS093936', 'ZG06860375', 280, 377, 'zaduženo', '2023-11-08 22:21:10', 10, '', 4),
	(378, 'S4XTZN9', 'ZG06860255', 265, 378, 'zaduženo', '2023-11-09 07:11:30', 6, '', 2),
	(379, 'CZC1118K5P', 'ZE0687909', 390, 386, 'razduženo', '2023-11-09 14:19:45', 2, '', 2),
	(380, 'CZC1118K8P', 'ZE0687910', 390, 387, 'razduženo', '2023-11-09 14:19:47', 2, '', 2),
	(381, 'CZC1118K6Z', 'ZE0687911', 390, 388, 'razduženo', '2023-11-09 14:19:48', 2, '', 2),
	(382, 'CZC1118K85', 'ZE0687912', 390, 389, 'razduženo', '2023-11-09 14:19:50', 2, '', 2),
	(383, 'CZC1118K6S', 'ZE0687913', 390, 390, 'razduženo', '2023-11-09 14:19:53', 2, '', 2),
	(384, 'CZC9095TVY', 'ZE0686036', 390, 391, 'razduženo', '2023-11-09 14:21:09', 4, '', 2),
	(385, 'CZC9095V29', 'K0152837', 390, 392, 'razduženo', '2023-11-09 14:21:11', 4, '', 2),
	(386, 'CZC9095TVT', 'ZG0685702', 390, 393, 'razduženo', '2023-11-09 14:21:13', 4, '', 2),
	(387, 'CZC0017L2F', 'ZE0686702', 390, 394, 'razduženo', '2023-11-09 14:21:15', 4, '', 2),
	(388, 'CZC9095TMK', 'Z0069281', 390, 395, 'razduženo', '2023-11-09 14:21:16', 4, '', 2),
	(390, 'CZC9095TYZ', 'ZG0686035', 390, 397, 'razduženo', '2023-11-09 14:21:19', 4, '', 2),
	(391, 'CZC9095TWF', 'ZG0685455', 390, 398, 'razduženo', '2023-11-09 14:21:21', 4, '', 2),
	(392, 'CZC9095TY7', 'ZE0685974', 390, 399, 'razduženo', '2023-11-09 14:21:23', 4, '', 2),
	(393, 'CZC0017L8F', 'ZE0686733', 390, 400, 'razduženo', '2023-11-09 14:21:24', 4, '', 2),
	(394, 'CZC9095TMM', 'ZG0685966', 390, 401, 'razduženo', '2023-11-09 14:21:26', 4, '', 2),
	(395, 'CZC0017L34', 'ZG0685922', 390, 402, 'razduženo', '2023-11-09 14:21:27', 4, '', 2),
	(396, 'CZC9095V55', 'ZG0685923', 390, 403, 'razduženo', '2023-11-09 14:21:29', 4, '', 2),
	(397, 'CZC0017L70', 'ZE0686685', 390, 404, 'razduženo', '2023-11-09 14:21:31', 4, '', 2),
	(398, 'S4XVAR8', 'ZE0687162', 390, 405, 'razduženo', '2023-11-09 14:14:33', 6, '', 2),
	(399, 'S4XTZN5', 'ZG06860338', 390, 406, 'razduženo', '2023-11-09 14:14:35', 6, '', 2),
	(400, 'S4XVAR9', 'V047064', 390, 407, 'razduženo', '2023-11-09 14:14:37', 6, '', 2),
	(401, 'S4XTYZ9', 'ZG06860431', 390, 408, 'razduženo', '2023-11-09 14:14:40', 6, '', 2),
	(402, 'S4S54197', 'M42778', 390, 411, 'razduženo', '2023-11-09 14:12:46', 3, '', 2),
	(403, 'S4S59282', 'K0153665', 390, 412, 'razduženo', '2023-11-09 14:12:49', 3, '', 2),
	(404, 'S4S54750', 'ZE0687449', 390, 413, 'razduženo', '2023-11-09 14:12:52', 3, '', 2),
	(405, 'CZC8247LKY', 'M41923', 390, 414, 'razduženo', '2023-11-09 14:26:54', 19, '', 2),
	(406, 'CZC82600SF', 'ZE0686905', 390, 415, 'razduženo', '2023-11-09 14:26:56', 19, '', 2),
	(407, 'CZC82600Z3', 'ZG0685866', 390, 416, 'razduženo', '2023-11-09 14:26:57', 19, '', 2),
	(408, 'CZC82600S0', 'ZG0686062', 390, 417, 'razduženo', '2023-11-09 14:26:59', 19, '', 2),
	(409, 'CZC82600X9', 'ZE0686069', 390, 418, 'razduženo', '2023-11-09 14:27:00', 19, '', 2),
	(410, 'CZC82600Z5', 'V046921', 390, 419, 'razduženo', '2023-11-09 14:27:02', 19, '', 2),
	(411, 'CZC82600Z7', 'ZG0685925', 390, 420, 'razduženo', '2023-11-09 14:27:04', 19, '', 2),
	(412, 'CZC1279NS3', 'ZG0686057', 390, 421, 'razduženo', '2023-11-09 14:29:05', 8, '', 2),
	(413, 'CZC1279NS9', 'ZE0686918', 390, 422, 'razduženo', '2023-11-09 14:29:07', 8, '', 2),
	(414, 'CZC1279NSC', 'ZE0686906', 390, 423, 'razduženo', '2023-11-09 14:29:08', 8, '', 2),
	(415, 'S4G29365', 'ZE0687295', 390, 424, 'razduženo', '2023-11-09 14:31:53', 5, '', 2),
	(416, 'S4G29433', 'ZE0687294', 390, 425, 'razduženo', '2023-11-09 14:31:55', 5, '', 2),
	(417, 'S4G29349', 'V0048618', 390, 426, 'razduženo', '2023-11-09 14:31:57', 5, '', 2),
	(418, 'UK0A1528008225', 'ZE0687469', 390, 427, 'razduženo', '2023-11-09 14:36:13', 12, '', 4),
	(419, 'UK0A1528008215', 'ZE0687483', 390, 428, 'razduženo', '2023-11-09 14:36:14', 12, '', 4),
	(420, 'UK0A1528008247', 'ZE0687477', 390, 429, 'razduženo', '2023-11-09 14:36:15', 12, '', 4),
	(421, 'UK0A1528008236', 'ZE0687489', 390, 430, 'razduženo', '2023-11-09 14:36:17', 12, '', 4),
	(422, 'UK0A1528008229', 'ZE0687490', 390, 431, 'razduženo', '2023-11-09 14:36:19', 12, '', 4),
	(423, 'UK0A1528008216', 'ZE0687491', 390, 432, 'razduženo', '2023-11-09 14:36:21', 12, '', 4),
	(424, 'UK0A1528008257', 'ZE0687492', 390, 433, 'razduženo', '2023-11-09 14:36:22', 12, '', 4),
	(425, 'UK0A1528008228', 'ZE0687493', 390, 434, 'razduženo', '2023-11-09 14:36:24', 12, '', 4),
	(426, 'UK0A1528008213', 'ZE0687494', 390, 435, 'razduženo', '2023-11-09 14:36:25', 12, '', 4),
	(427, 'UK0A1528008226', 'ZE0687495', 390, 436, 'razduženo', '2023-11-09 14:36:26', 12, '', 4),
	(428, 'UK0A1528017133', 'ZE0687496', 390, 437, 'razduženo', '2023-11-09 14:36:28', 12, '', 4),
	(429, 'UK0A1528008223', 'ZE0687497', 390, 438, 'razduženo', '2023-11-09 14:36:29', 12, '', 4),
	(430, 'UK0A1528008252', 'ZE0687478', 390, 439, 'razduženo', '2023-11-09 14:36:31', 12, '', 4);

-- Dumping structure for table inventory_v2.article_timeline
DROP TABLE IF EXISTS `article_timeline`;
CREATE TABLE IF NOT EXISTS `article_timeline` (
  `article_timeline_id` int NOT NULL AUTO_INCREMENT,
  `article_id` int NOT NULL,
  `user_id` int DEFAULT NULL,
  `document_id` int DEFAULT NULL,
  `serial_number` varchar(50) CHARACTER SET utf8mb4 COLLATE utf8mb4_bin DEFAULT NULL,
  `status` enum('zaduženo','razduženo','otpisano') CHARACTER SET utf8mb4 COLLATE utf8mb4_bin DEFAULT NULL,
  `timestamp` timestamp NULL DEFAULT CURRENT_TIMESTAMP,
  `inv_number` varchar(50) CHARACTER SET utf8mb4 COLLATE utf8mb4_bin DEFAULT NULL,
  `comment` text CHARACTER SET utf8mb4 COLLATE utf8mb4_bin,
  PRIMARY KEY (`article_timeline_id`),
  KEY `article_id` (`article_id`),
  KEY `user_id` (`user_id`),
  KEY `document_id` (`document_id`),
  CONSTRAINT `article_timeline_ibfk_1` FOREIGN KEY (`article_id`) REFERENCES `article` (`article_id`),
  CONSTRAINT `article_timeline_ibfk_2` FOREIGN KEY (`user_id`) REFERENCES `user` (`user_id`),
  CONSTRAINT `article_timeline_ibfk_3` FOREIGN KEY (`document_id`) REFERENCES `documents` (`documents_id`)
) ENGINE=InnoDB DEFAULT CHARSET=utf8mb4 COLLATE=utf8mb4_bin;

-- Dumping data for table inventory_v2.article_timeline: ~378 rows (approximately)
INSERT INTO `article_timeline` (`article_timeline_id`, `article_id`, `user_id`, `document_id`, `serial_number`, `status`, `timestamp`, `inv_number`, `comment`) VALUES
	(1, 1, 148, 1, 'S4PT4033', 'zaduženo', '2023-10-31 18:30:46', 'ZE06878665', 'Artikal dodan'),
	(2, 2, 157, 2, 'S4PT4035', 'zaduženo', '2023-10-31 18:31:22', 'ZE06878661', 'Artikal dodan'),
	(3, 3, 150, 3, 'S4PT4047', 'zaduženo', '2023-10-31 18:31:43', 'ZE06878666', 'Artikal dodan'),
	(4, 4, 152, 4, 'S4PT4038', 'zaduženo', '2023-10-31 18:32:01', 'ZE06878662', 'Artikal dodan'),
	(5, 5, 200, 5, 'S4PT4040', 'zaduženo', '2023-10-31 18:32:20', 'ZE06878664', 'Artikal dodan'),
	(6, 6, 201, 6, 'S4PT4044', 'zaduženo', '2023-10-31 18:34:27', 'ZE06878663', 'Artikal dodan'),
	(7, 7, 207, 7, 'CZC1118K7Z', 'zaduženo', '2023-10-31 22:09:55', 'ZG0687167', 'Artikal dodan'),
	(8, 8, 208, 8, 'CZC1118K6N', 'zaduženo', '2023-10-31 22:10:17', 'ZG0687152', 'Artikal dodan'),
	(9, 9, 210, 9, 'CZC1118K7L', 'zaduženo', '2023-10-31 22:10:32', 'ZE0687908', 'Artikal dodan'),
	(10, 10, 209, 10, 'CZC1118K77', 'zaduženo', '2023-10-31 22:10:52', 'ZE0687907', 'Artikal dodan'),
	(11, 11, 211, 11, 'CZC1118K8N	', 'zaduženo', '2023-10-31 22:11:06', 'ZG0687151', 'Artikal dodan'),
	(12, 12, 149, 12, 'S4S54781', 'zaduženo', '2023-10-31 22:13:21', 'ZE0687457', 'Artikal dodan'),
	(13, 13, 174, 13, 'S4G27223', 'zaduženo', '2023-10-31 22:13:50', 'ZE0687314', 'Artikal dodan'),
	(14, 14, 175, 14, 'S4G27129', 'zaduženo', '2023-10-31 22:14:02', 'ZE0687342', 'Artikal dodan'),
	(15, 15, 181, 15, 'S4G27201', 'zaduženo', '2023-10-31 22:14:21', 'ZE0687343', 'Artikal dodan'),
	(16, 16, 177, 16, 'S4S54522', 'zaduženo', '2023-10-31 22:14:34', 'ZE0687453', 'Artikal dodan'),
	(17, 17, 186, 17, 'S4S54794', 'zaduženo', '2023-10-31 22:14:50', 'ZG0686649', 'Artikal dodan'),
	(18, 18, 179, 18, 'S4S54204', 'zaduženo', '2023-10-31 22:15:05', 'ZE0687500', 'Artikal dodan'),
	(19, 19, 188, 19, 'S4S54766', 'zaduženo', '2023-10-31 22:15:25', 'ZE0687451', 'Artikal dodan'),
	(20, 20, 173, 20, 'S4S59266', 'zaduženo', '2023-10-31 22:15:43', 'ZE0687443', 'Artikal dodan'),
	(21, 21, 169, 21, 'S4G27138', 'zaduženo', '2023-10-31 22:29:19', 'ZE0687317', 'Artikal dodan'),
	(22, 22, 151, 22, 'S4S59287', 'zaduženo', '2023-10-31 22:29:35', 'ZG0686647', 'Artikal dodan'),
	(23, 23, 212, 23, 'S4S54800', 'zaduženo', '2023-10-31 22:29:56', 'ZG0686648', 'Artikal dodan'),
	(24, 24, 213, 24, 'S4S41757', 'zaduženo', '2023-10-31 22:30:11', 'ZE0687444', 'Artikal dodan'),
	(25, 25, 215, 25, 'S4S54770', 'zaduženo', '2023-11-03 23:24:45', 'ZE0687450', 'Artikal dodan'),
	(26, 26, 172, 410, 'S4S59270', 'razduženo', '2023-11-03 23:27:08', 'ZG0686646', 'Artikal dodan'),
	(27, 27, 278, 409, 'S4S59302', 'razduženo', '2023-11-03 23:29:05', 'ZE0687441', 'Artikal dodan'),
	(28, 28, 251, 28, 'S4S59410', 'zaduženo', '2023-11-03 23:29:34', 'Z0069566', 'Artikal dodan'),
	(29, 29, 168, 29, 'S4S54758', 'zaduženo', '2023-11-03 23:30:31', 'ZE0687455', 'Artikal dodan'),
	(30, 30, 216, 30, 'S4S54785', 'zaduženo', '2023-11-03 23:30:58', 'ZE0687452', 'Artikal dodan'),
	(31, 31, 194, 31, 'S4S54754', 'zaduženo', '2023-11-03 23:31:35', 'ZE0687456', 'Artikal dodan'),
	(32, 32, 268, 32, 'S4S54174', 'zaduženo', '2023-11-03 23:32:25', 'ZE0687447', 'Artikal dodan'),
	(33, 33, 278, 33, 'CN41060H2W', 'zaduženo', '2023-11-03 23:41:11', 'ZE0687919', 'Artikal dodan'),
	(34, 34, 208, 34, 'CN41060HNB', 'zaduženo', '2023-11-03 23:41:30', 'ZE0687925', 'Artikal dodan'),
	(35, 35, 200, 35, 'CN41060BDC', 'zaduženo', '2023-11-03 23:42:12', 'ZE0687927', 'Artikal dodan'),
	(36, 36, 212, 36, 'CN41060Z0V', 'zaduženo', '2023-11-03 23:42:39', 'ZE0687922', 'Artikal dodan'),
	(37, 37, 157, 37, 'CN41060BF5', 'zaduženo', '2023-11-03 23:42:58', 'ZE0687918', 'Artikal dodan'),
	(38, 38, 196, 38, 'CN41060BDX', 'zaduženo', '2023-11-03 23:43:30', 'ZE0687928', 'Artikal dodan'),
	(39, 39, 159, 39, 'CN41060HPK', 'zaduženo', '2023-11-03 23:43:54', 'ZG0687157', 'Artikal dodan'),
	(40, 40, 213, 40, 'CN41060HPQ', 'zaduženo', '2023-11-03 23:44:37', 'ZE0687929', 'Artikal dodan'),
	(41, 41, 247, 41, 'S4XTZN1', 'zaduženo', '2023-11-03 23:46:33', 'ZG06860336', 'Artikal dodan'),
	(42, 42, 239, 42, 'S4XTZB5', 'zaduženo', '2023-11-03 23:47:02', 'ZE0687161', 'Artikal dodan'),
	(43, 43, 204, 43, 'S4XTZM95', 'zaduženo', '2023-11-03 23:47:29', 'ZE0687168', 'Artikal dodan'),
	(44, 44, 241, 44, 'S4XTZA5', 'zaduženo', '2023-11-03 23:47:52', 'ZG06860334', 'Artikal dodan'),
	(45, 45, 274, 45, 'S4XTZK1', 'zaduženo', '2023-11-03 23:48:14', 'V048583', 'Artikal dodan'),
	(46, 46, 178, 46, 'S4XTZP2', 'zaduženo', '2023-11-03 23:48:31', 'ZE0687166', 'Artikal dodan'),
	(47, 47, 269, 47, 'S4XTZM8', 'zaduženo', '2023-11-03 23:48:58', 'ZG06860339', 'Artikal dodan'),
	(48, 48, 184, 48, 'N4XTZN7', 'zaduženo', '2023-11-03 23:49:21', 'ZE0687164', 'Artikal dodan'),
	(49, 49, 180, 49, 'S4XTZM1', 'zaduženo', '2023-11-03 23:49:47', 'ZG06860337', 'Artikal dodan'),
	(50, 50, 159, 50, 'S4XTZA3', 'zaduženo', '2023-11-03 23:50:24', 'ZG06860341', 'Artikal dodan'),
	(51, 51, 172, 51, 'HD2NGR3', 'zaduženo', '2023-11-03 23:52:40', 'ZE0687956', 'Artikal dodan'),
	(52, 52, 154, 52, ' 9MRLGR3', 'zaduženo', '2023-11-03 23:52:57', 'ZE0687957', 'Artikal dodan'),
	(53, 53, 278, 53, 'BNRLGR3', 'zaduženo', '2023-11-03 23:53:13', 'ZE0687958', 'Artikal dodan'),
	(54, 54, 250, 54, '6MRLGR3', 'zaduženo', '2023-11-03 23:54:56', 'ZG0687248', 'Artikal dodan'),
	(55, 55, 189, 55, 'CMRLGR3', 'zaduženo', '2023-11-03 23:55:16', 'ZE0687953', 'Artikal dodan'),
	(56, 56, 153, 56, 'FD2NGR3', 'zaduženo', '2023-11-03 23:55:38', 'ZE0687952', 'Artikal dodan'),
	(57, 57, 249, 57, 'GG2NGR3', 'zaduženo', '2023-11-03 23:56:03', 'ZG0687249', 'Artikal dodan'),
	(58, 58, 176, 58, 'C55DFD3', 'zaduženo', '2023-11-05 16:07:39', 'ZG0687148', 'Artikal dodan'),
	(59, 59, 262, 59, '145DFD3', 'zaduženo', '2023-11-05 16:07:58', 'ZE0687904', 'Artikal dodan'),
	(60, 60, 236, 60, '955DFD3', 'zaduženo', '2023-11-05 16:08:16', 'ZG0687145', 'Artikal dodan'),
	(61, 61, 255, 61, 'G45DFD3', 'zaduženo', '2023-11-05 16:08:33', 'ZE0687900', 'Artikal dodan'),
	(62, 62, 260, 62, '265DFD3', 'zaduženo', '2023-11-05 16:08:55', 'ZE0687903', 'Artikal dodan'),
	(63, 63, 256, 63, 'D55DFD3', 'zaduženo', '2023-11-05 16:09:16', 'ZE06879013', 'Artikal dodan'),
	(64, 64, 195, 64, '715DFD3', 'zaduženo', '2023-11-05 16:09:36', 'ZE0687906', 'Artikal dodan'),
	(65, 65, 261, 65, 'F45DFD3', 'zaduženo', '2023-11-05 16:09:56', 'ZE0687902', 'Artikal dodan'),
	(66, 66, 186, 66, 'CN0F29G1WSL0012RAGLB', 'zaduženo', '2023-11-05 16:20:12', 'ZE0687915', 'Artikal dodan'),
	(67, 67, 172, 67, '5MTZ7N3', 'zaduženo', '2023-11-05 16:24:54', 'ZE0687963', 'Artikal dodan'),
	(68, 68, 154, 68, '5KRZ7N3', 'zaduženo', '2023-11-05 16:25:13', 'ZE0687964', 'Artikal dodan'),
	(69, 69, 278, 69, '5TW08N3', 'zaduženo', '2023-11-05 16:25:29', 'ZE0687965', 'Artikal dodan'),
	(70, 70, 183, 70, '17108N3', 'zaduženo', '2023-11-05 16:25:45', 'ZE0687961', 'Artikal dodan'),
	(71, 71, 251, 71, '5LTZ7N3', 'zaduženo', '2023-11-05 16:26:01', 'ZG0687252', 'Artikal dodan'),
	(72, 72, 250, 72, '5ZW08N3', 'zaduženo', '2023-11-05 16:26:53', 'ZG0687250', 'Artikal dodan'),
	(73, 73, 189, 73, '5R618N3', 'zaduženo', '2023-11-05 16:27:12', 'ZE0687960', 'Artikal dodan'),
	(74, 74, 153, 74, '54V08N3', 'zaduženo', '2023-11-05 16:27:28', 'ZE0687959', 'Artikal dodan'),
	(75, 75, 188, 75, 'HZJ0Q83', 'zaduženo', '2023-11-07 18:17:08', 'ZE0687916', 'Artikal dodan'),
	(76, 76, 171, 76, 'PBYWTNR', 'zaduženo', '2023-11-08 16:18:52', 'ZG06860252', 'Artikal dodan'),
	(77, 77, 156, 77, 'PBYWTNN', 'zaduženo', '2023-11-08 16:21:23', 'ZG06860258', 'Artikal dodan'),
	(78, 78, 196, 78, 'S4XVBB1', 'zaduženo', '2023-11-08 16:21:51', 'ZE0687163', 'Artikal dodan'),
	(79, 79, 203, 79, 'S4XTZM6', 'zaduženo', '2023-11-08 16:24:04', 'ZG06860372', 'Artikal dodan'),
	(80, 80, 237, 80, 'S4XTZA8', 'zaduženo', '2023-11-08 16:24:50', 'ZE0687211', 'Artikal dodan'),
	(81, 81, 351, 81, 'S4XVBA8', 'zaduženo', '2023-11-08 16:30:56', 'V048601', 'Artikal dodan'),
	(82, 82, 248, 82, 'PBYWVBM', 'zaduženo', '2023-11-08 16:31:15', 'ZG06860251', 'Artikal dodan'),
	(83, 83, 238, 83, 'S4XVBF1', 'zaduženo', '2023-11-08 16:31:34', 'ZE0687207', 'Artikal dodan'),
	(84, 84, 252, 84, 'S4XVAD7', 'zaduženo', '2023-11-08 16:32:02', 'ZE0687207', 'Artikal dodan'),
	(85, 85, 346, 85, 'S4XTZB3', 'zaduženo', '2023-11-08 16:32:35', 'ZE0687189', 'Artikal dodan'),
	(86, 86, 304, 86, 'S4XTZM4', 'zaduženo', '2023-11-08 16:33:51', 'ZE0687212', 'Artikal dodan'),
	(87, 87, 279, 87, 'S4XVBE5', 'zaduženo', '2023-11-08 16:34:23', 'ZG06860256', 'Artikal dodan'),
	(88, 88, 283, 88, 'PBYWTNP', 'zaduženo', '2023-11-08 16:34:57', 'M32242', 'Artikal dodan'),
	(89, 89, 352, 89, 'S4XTZC0', 'zaduženo', '2023-11-08 16:38:28', 'ZG06860340', 'Artikal dodan'),
	(90, 90, 353, 90, 'S4XTZB1', 'zaduženo', '2023-11-08 16:45:11', 'ZG06860335', 'Artikal dodan'),
	(91, 91, 354, 91, 'C4XVBC8', 'zaduženo', '2023-11-08 16:55:37', 'ZG06860370', 'Artikal dodan'),
	(92, 92, 355, 92, 'S4XVAD1', 'zaduženo', '2023-11-08 16:55:58', 'ZG06860373', 'Artikal dodan'),
	(93, 93, 355, 93, 'PBYWVBT', 'zaduženo', '2023-11-08 16:56:15', 'NEMA', 'Artikal dodan'),
	(94, 94, 356, 94, 'PBYWTPY', 'zaduženo', '2023-11-08 16:56:30', 'ZE0687209', 'Artikal dodan'),
	(95, 95, 357, 95, 'PBYWVBV', 'zaduženo', '2023-11-08 16:56:45', 'ZG06860430', 'Artikal dodan'),
	(96, 96, 305, 96, 'PBYWVBR', 'zaduženo', '2023-11-08 16:57:01', 'M42598', 'Artikal dodan'),
	(97, 97, 315, 97, 'PBYWTRF', 'zaduženo', '2023-11-08 16:57:20', 'ZG06860257', 'Artikal dodan'),
	(98, 98, 358, 98, 'PBYWVBP', 'zaduženo', '2023-11-08 16:57:38', 'V0047226', 'Artikal dodan'),
	(99, 99, 359, 99, 'S4S54176', 'zaduženo', '2023-11-08 17:16:50', 'ZE0687445', 'Artikal dodan'),
	(100, 100, 272, 100, 'S4G27130', 'zaduženo', '2023-11-08 17:17:07', 'ZE0687344', 'Artikal dodan'),
	(101, 101, 360, 101, 'S4S59293', 'zaduženo', '2023-11-08 17:19:56', 'ZE0687442', 'Artikal dodan'),
	(102, 102, 361, 102, 'S4S59323', 'zaduženo', '2023-11-08 17:24:01', 'ZG0686643', 'Artikal dodan'),
	(103, 103, 199, 103, 'S4G27204', 'zaduženo', '2023-11-08 17:25:03', 'ZE0687341', 'Artikal dodan'),
	(104, 104, 214, 104, 'S4G27131', 'zaduženo', '2023-11-08 17:26:11', 'M11541', 'Artikal dodan'),
	(105, 105, 300, 105, 'S4S54789', 'zaduženo', '2023-11-08 17:26:54', 'ZE0687454', 'Artikal dodan'),
	(106, 106, 308, 106, 'S4S59386', 'zaduženo', '2023-11-08 17:27:06', 'ZG0686645', 'Artikal dodan'),
	(107, 107, 286, 107, 'S4G27219', 'zaduženo', '2023-11-08 17:28:00', 'M32390', 'Artikal dodan'),
	(108, 108, 334, 108, 'S4G27139', 'zaduženo', '2023-11-08 17:29:14', 'Z0069526', 'Artikal dodan'),
	(109, 109, 344, 109, 'S4S59279', 'zaduženo', '2023-11-08 17:29:29', 'Z0069565', 'Artikal dodan'),
	(110, 110, 324, 110, 'S4G27133', 'zaduženo', '2023-11-08 17:29:58', 'V047315', 'Artikal dodan'),
	(111, 111, 320, 111, 'S4S54777', 'zaduženo', '2023-11-08 17:30:22', 'ZE0687448', 'Artikal dodan'),
	(112, 112, 323, 112, 'S4S54170', 'zaduženo', '2023-11-08 17:30:33', 'V0047353', 'Artikal dodan'),
	(113, 113, 328, 113, 'S4S54186', 'zaduženo', '2023-11-08 17:30:53', 'ZE0687446', 'Artikal dodan'),
	(114, 114, 221, 114, 'S4S59391', 'zaduženo', '2023-11-08 17:31:36', 'ZG0686644', 'Artikal dodan'),
	(115, 115, 321, 115, 'S4G27140', 'zaduženo', '2023-11-08 17:31:57', 'ZE0687315', 'Artikal dodan'),
	(116, 116, 295, 116, 'S4S54805', 'zaduženo', '2023-11-08 17:32:28', 'O-005314', 'Artikal dodan'),
	(117, 117, 297, 117, 'S4S54187', 'zaduženo', '2023-11-08 17:32:45', 'O-005313', 'Artikal dodan'),
	(118, 118, 231, 118, 'S4S59260', 'zaduženo', '2023-11-08 17:33:12', 'O-005312', 'Artikal dodan'),
	(119, 119, 234, 119, 'S4S59297', 'zaduženo', '2023-11-08 17:33:28', 'K0153666', 'Artikal dodan'),
	(120, 120, 226, 120, 'S4G27215', 'zaduženo', '2023-11-08 17:33:49', 'ZE0687340', 'Artikal dodan'),
	(121, 121, 158, 121, 'S4G29467', 'zaduženo', '2023-11-08 17:37:19', 'ZE0687296', 'Artikal dodan'),
	(122, 122, 185, 122, 'S4G29515', 'zaduženo', '2023-11-08 17:37:34', 'ZE0687283', 'Artikal dodan'),
	(123, 123, 198, 123, 'S4G29354', 'zaduženo', '2023-11-08 17:38:45', 'ZE0687285', 'Artikal dodan'),
	(124, 124, 164, 124, 'S4G29113', 'zaduženo', '2023-11-08 17:38:58', 'ZE0687284', 'Artikal dodan'),
	(125, 125, 267, 125, 'S4G29428', 'zaduženo', '2023-11-08 17:39:08', 'ZE0687298', 'Artikal dodan'),
	(126, 126, 247, 126, 'S4G29236', 'zaduženo', '2023-11-08 17:39:19', 'ZE0687293', 'Artikal dodan'),
	(127, 127, 246, 127, 'S4G29448', 'zaduženo', '2023-11-08 17:39:59', 'M32385', 'Artikal dodan'),
	(128, 128, 362, 128, 'S4G29042', 'zaduženo', '2023-11-08 17:41:20', 'M32387', 'Artikal dodan'),
	(129, 129, 344, 129, 'S4G29347', 'zaduženo', '2023-11-08 17:41:41', 'Z0069523', 'Artikal dodan'),
	(130, 130, 318, 130, 'S4G29301', 'zaduženo', '2023-11-08 17:41:59', 'V0047311', 'Artikal dodan'),
	(131, 131, 316, 131, 'S4G29358', 'zaduženo', '2023-11-08 17:42:25', 'V047107', 'Artikal dodan'),
	(132, 132, 299, 132, 'S4G29435', 'zaduženo', '2023-11-08 17:42:45', 'O-005272', 'Artikal dodan'),
	(133, 133, 363, 133, 'S4G29491', 'zaduženo', '2023-11-08 17:49:13', 'ZE0687290', 'Artikal dodan'),
	(134, 134, 363, 134, 'S4G29356', 'zaduženo', '2023-11-08 17:49:37', 'ZE0687287', 'Artikal dodan'),
	(135, 135, 363, 135, 'S4G29328', 'zaduženo', '2023-11-08 17:49:50', 'ZE0687289', 'Artikal dodan'),
	(136, 136, 364, 136, 'S4G29406', 'zaduženo', '2023-11-08 17:50:00', 'ZE0687291', 'Artikal dodan'),
	(137, 137, 365, 137, 'S4G29352', 'zaduženo', '2023-11-08 17:50:13', 'ZE0687286', 'Artikal dodan'),
	(138, 138, 366, 138, 'S4G29454', 'zaduženo', '2023-11-08 17:50:26', 'ZE0687292', 'Artikal dodan'),
	(139, 139, 367, 139, 'S4G29519', 'zaduženo', '2023-11-08 17:50:40', 'ZE0687288', 'Artikal dodan'),
	(140, 140, 229, 140, 'S4G29450', 'zaduženo', '2023-11-08 17:50:50', 'KO1530605', 'Artikal dodan'),
	(141, 141, 227, 141, 'S4G29445', 'zaduženo', '2023-11-08 17:50:59', 'K01530607', 'Artikal dodan'),
	(142, 142, 233, 142, 'S4G29360', 'zaduženo', '2023-11-08 17:51:10', 'K01530606', 'Artikal dodan'),
	(143, 143, 284, 143, 'S4G29367', 'zaduženo', '2023-11-08 17:51:22', 'M32386', 'Artikal dodan'),
	(144, 144, 289, 144, 'S4G29427', 'zaduženo', '2023-11-08 17:51:33', 'M11539', 'Artikal dodan'),
	(145, 145, 298, 145, 'S4G29362', 'zaduženo', '2023-11-08 17:51:45', 'O-005271', 'Artikal dodan'),
	(146, 146, 298, 146, 'S4G29422', 'zaduženo', '2023-11-08 17:51:58', 'O-005273', 'Artikal dodan'),
	(147, 147, 303, 147, 'S4G29371', 'zaduženo', '2023-11-08 17:52:28', 'M42728', 'Artikal dodan'),
	(148, 148, 305, 148, 'S4G29430', 'zaduženo', '2023-11-08 17:52:38', 'M42729', 'Artikal dodan'),
	(149, 149, 325, 149, 'S4G29342', 'zaduženo', '2023-11-08 17:52:51', 'V0047309', 'Artikal dodan'),
	(150, 150, 368, 150, 'S4G29372', 'zaduženo', '2023-11-08 17:53:01', 'V0047310', 'Artikal dodan'),
	(151, 151, 183, 151, '1F2NGR3', 'zaduženo', '2023-11-08 17:55:41', 'ZE0687954', 'Artikal dodan'),
	(152, 152, 369, 152, '5H2NGR3', 'zaduženo', '2023-11-08 17:57:46', 'ZE0687955', 'Artikal dodan'),
	(153, 153, 349, 153, 'FMRLGR3', 'zaduženo', '2023-11-08 17:58:35', 'ZE0687969', 'Artikal dodan'),
	(154, 154, 214, 154, 'CNRLGR3', 'zaduženo', '2023-11-08 17:58:53', 'M11686', 'Artikal dodan'),
	(155, 155, 301, 155, '4NRLGR3', 'zaduženo', '2023-11-08 17:59:15', 'M43208', 'Artikal dodan'),
	(156, 156, 311, 156, 'HLRLGR3', 'zaduženo', '2023-11-08 18:00:03', 'V048753', 'Artikal dodan'),
	(157, 157, 370, 157, '4F2NGR3', 'zaduženo', '2023-11-08 18:04:37', 'ZE0687979', 'Artikal dodan'),
	(158, 158, 371, 158, '6H2NGR3', 'zaduženo', '2023-11-08 18:04:49', 'ZE0687973', 'Artikal dodan'),
	(159, 159, 372, 159, '8H2NGR3', 'zaduženo', '2023-11-08 18:05:06', 'ZE0687976', 'Artikal dodan'),
	(160, 160, 225, 160, 'BF2NGR3', 'zaduženo', '2023-11-08 18:05:17', 'ZE0687980', 'Artikal dodan'),
	(161, 161, 280, 161, 'BH2NGR3', 'zaduženo', '2023-11-08 18:05:28', 'ZE0687978', 'Artikal dodan'),
	(162, 162, 303, 162, 'JG2NGR3', 'zaduženo', '2023-11-08 18:05:38', 'ZE0687977', 'Artikal dodan'),
	(163, 163, 309, 163, '4H2NGR3', 'zaduženo', '2023-11-08 18:05:49', 'ZE0687974', 'Artikal dodan'),
	(164, 164, 313, 164, '9H2NGR3', 'zaduženo', '2023-11-08 18:06:01', 'ZE0687982', 'Artikal dodan'),
	(165, 165, 224, 165, '7H2NGR3', 'zaduženo', '2023-11-08 18:06:16', 'ZE0687981', 'Artikal dodan'),
	(166, 166, 330, 166, 'HG2NGR3', 'zaduženo', '2023-11-08 18:06:27', 'ZE0687975', 'Artikal dodan'),
	(167, 167, 373, 167, 'B55DFD3', 'zaduženo', '2023-11-08 18:09:00', 'ZE0687905', 'Artikal dodan'),
	(168, 168, 302, 168, '445DFD3', 'zaduženo', '2023-11-08 18:09:36', 'M43101', 'Artikal dodan'),
	(169, 169, 343, 169, 'H35DFD3', 'zaduženo', '2023-11-08 18:10:01', 'Z0069759', 'Artikal dodan'),
	(170, 170, 327, 170, '245DFD3', 'zaduženo', '2023-11-08 18:10:21', 'V005058', 'Artikal dodan'),
	(171, 171, 314, 171, 'B65DFD3', 'zaduženo', '2023-11-08 18:10:39', 'V048726', 'Artikal dodan'),
	(172, 172, 296, 172, '365DFD3', 'zaduženo', '2023-11-08 18:11:02', 'O-005448', 'Artikal dodan'),
	(173, 173, 374, 173, '665DFD3', 'zaduženo', '2023-11-08 18:15:39', 'M43102', 'Artikal dodan'),
	(174, 174, 375, 174, '455DFD3', 'zaduženo', '2023-11-08 18:15:52', 'ZG0687146', 'Artikal dodan'),
	(175, 175, 376, 175, '165DFD3', 'zaduženo', '2023-11-08 18:16:06', 'ZG0687147', 'Artikal dodan'),
	(176, 176, 377, 176, '865DFD3', 'zaduženo', '2023-11-08 18:16:18', 'ZG0687149', 'Artikal dodan'),
	(177, 177, 368, 177, '845DFD3', 'zaduženo', '2023-11-08 18:16:28', 'V005059', 'Artikal dodan'),
	(178, 178, 378, 178, '755DFD3', 'zaduženo', '2023-11-08 18:23:01', 'K0153858', 'Artikal dodan'),
	(179, 179, 289, 179, '645DFD3', 'zaduženo', '2023-11-08 18:23:14', 'M11670', 'Artikal dodan'),
	(180, 180, 257, 180, 'CZC0017L8R', 'zaduženo', '2023-11-08 18:42:02', 'M11382', 'Artikal dodan'),
	(181, 181, 264, 181, 'CZC9095TTL', 'zaduženo', '2023-11-08 18:42:14', 'ZE0686688', 'Artikal dodan'),
	(182, 182, 258, 182, 'CZC0017L1C', 'zaduženo', '2023-11-08 18:42:24', 'ZE0686701', 'Artikal dodan'),
	(183, 183, 170, 183, 'CZC0017L26', 'zaduženo', '2023-11-08 18:42:42', 'ZE0686100', 'Artikal dodan'),
	(184, 184, 271, 184, 'CZC9095V0W', 'zaduženo', '2023-11-08 18:42:54', 'O-005042', 'Artikal dodan'),
	(185, 185, 276, 185, 'CZC9095TWS', 'zaduženo', '2023-11-08 18:43:09', 'ZE0686734', 'Artikal dodan'),
	(186, 186, 263, 186, 'CZC0017L83', 'zaduženo', '2023-11-08 18:43:22', 'ZE0685971', 'Artikal dodan'),
	(187, 187, 274, 187, 'CZC0017L3S', 'zaduženo', '2023-11-08 18:43:43', 'Z0069245', 'Artikal dodan'),
	(188, 188, 274, 188, 'CZC9095TQ5', 'zaduženo', '2023-11-08 18:44:28', 'ZE0686729', 'Artikal dodan'),
	(189, 189, 270, 189, 'CZC0017L8G', 'zaduženo', '2023-11-08 18:44:41', 'ZE0685701', 'Artikal dodan'),
	(190, 190, 199, 190, 'CZC9095TVK', 'zaduženo', '2023-11-08 18:45:15', 'ZG0685706', 'Artikal dodan'),
	(191, 191, 199, 191, 'CZC9095TLP', 'zaduženo', '2023-11-08 18:45:26', 'ZG0685767', 'Artikal dodan'),
	(192, 192, 162, 192, 'CZC9095TZC', 'zaduženo', '2023-11-08 18:45:38', 'ZG0685742', 'Artikal dodan'),
	(193, 193, 242, 193, 'CZC0017L4W', 'zaduženo', '2023-11-08 18:45:53', 'NEMA', 'Artikal dodan'),
	(194, 194, 189, 194, 'CZC0017L2K', 'zaduženo', '2023-11-08 18:46:03', 'ZE0685703', 'Artikal dodan'),
	(195, 195, 161, 195, 'CZC9095V4V', 'zaduženo', '2023-11-08 18:46:20', 'ZG0685699', 'Artikal dodan'),
	(196, 196, 379, 196, 'CZC0017L85', 'zaduženo', '2023-11-08 18:47:45', 'NEMA', 'Artikal dodan'),
	(197, 197, 380, 197, 'CZC0017L95', 'zaduženo', '2023-11-08 18:48:56', 'NEMA', 'Artikal dodan'),
	(198, 198, 244, 198, 'CZC9095V6S', 'zaduženo', '2023-11-08 18:49:06', 'ZE0686700', 'Artikal dodan'),
	(199, 199, 245, 199, 'CZC9095V53', 'zaduženo', '2023-11-08 18:49:18', 'M42043', 'Artikal dodan'),
	(200, 200, 253, 200, 'CZC0017L3Q', 'zaduženo', '2023-11-08 18:49:29', 'ZE0686089', 'Artikal dodan'),
	(201, 201, 239, 201, 'CZC0017L8P', 'zaduženo', '2023-11-08 18:49:39', 'ZE0686699', 'Artikal dodan'),
	(202, 202, 240, 202, 'CZC9095V3Y', 'zaduženo', '2023-11-08 18:49:57', 'ZG0685653', 'Artikal dodan'),
	(203, 203, 249, 203, 'CZC9095TR5', 'zaduženo', '2023-11-08 18:50:06', 'ZG0685707', 'Artikal dodan'),
	(204, 204, 347, 204, 'CZC9095V4D', 'zaduženo', '2023-11-08 18:50:33', 'ZE0686690', 'Artikal dodan'),
	(205, 205, 214, 205, 'CZC0017L1W', 'zaduženo', '2023-11-08 18:50:50', 'M11381', 'Artikal dodan'),
	(206, 206, 163, 206, 'CZC0017L32', 'zaduženo', '2023-11-08 18:51:03', 'ZE0686725', 'Artikal dodan'),
	(207, 207, 293, 207, 'CZC9095TWR', 'zaduženo', '2023-11-08 18:51:13', 'M11374', 'Artikal dodan'),
	(208, 208, 306, 208, 'CZC9095TTX', 'zaduženo', '2023-11-08 18:51:34', 'M42124', 'Artikal dodan'),
	(209, 209, 307, 209, 'CZC9095TN4', 'zaduženo', '2023-11-08 18:52:06', 'ZE0686940', 'Artikal dodan'),
	(210, 210, 310, 210, 'CZC0017L79', 'zaduženo', '2023-11-08 18:52:18', 'M42123', 'Artikal dodan'),
	(211, 211, 381, 211, 'CZC9095TZ1', 'zaduženo', '2023-11-08 18:54:09', 'ZE0686679', 'Artikal dodan'),
	(212, 212, 281, 212, 'CZC9095TMR', 'zaduženo', '2023-11-08 18:54:19', 'M32113', 'Artikal dodan'),
	(213, 213, 382, 213, 'CZC0017L10', 'zaduženo', '2023-11-08 18:55:20', 'ZE0686703', 'Artikal dodan'),
	(214, 214, 383, 214, 'CZC0017L2R', 'zaduženo', '2023-11-08 18:56:15', 'M32114', 'Artikal dodan'),
	(215, 215, 384, 215, 'CZC9095TWD', 'zaduženo', '2023-11-08 18:57:24', 'NEMA', 'Artikal dodan'),
	(216, 216, 362, 216, 'CZC9095TV5', 'zaduženo', '2023-11-08 18:57:34', 'M32115', 'Artikal dodan'),
	(217, 217, 339, 217, 'CZC9095TM5', 'zaduženo', '2023-11-08 18:57:56', 'V0047037', 'Artikal dodan'),
	(218, 218, 336, 218, 'CZC9095V5T', 'zaduženo', '2023-11-08 18:58:07', 'Z0069280', 'Artikal dodan'),
	(219, 219, 341, 219, 'CZC9095TTC', 'zaduženo', '2023-11-08 18:58:18', 'ZG0685754', 'Artikal dodan'),
	(220, 220, 342, 220, 'CZC9095TL9', 'zaduženo', '2023-11-08 18:58:28', 'ZE0686684', 'Artikal dodan'),
	(221, 221, 342, 221, 'CZC9095V30', 'zaduženo', '2023-11-08 18:58:38', 'K0152833', 'Artikal dodan'),
	(222, 222, 345, 222, 'CZC9095TV9', 'zaduženo', '2023-11-08 18:58:50', 'Z0069244', 'Artikal dodan'),
	(223, 223, 317, 223, 'CZC0017L1K', 'zaduženo', '2023-11-08 18:59:14', 'V0046948', 'Artikal dodan'),
	(224, 224, 319, 224, 'CZC9095V51', 'zaduženo', '2023-11-08 18:59:24', 'M42045', 'Artikal dodan'),
	(225, 225, 323, 225, 'CZC9095V2M', 'zaduženo', '2023-11-08 18:59:34', 'V0046946', 'Artikal dodan'),
	(226, 226, 324, 226, 'DL3A0949170512', 'zaduženo', '2023-11-08 18:59:44', 'ZE0686686', 'Artikal dodan'),
	(227, 227, 326, 227, 'CZC9095V4T', 'zaduženo', '2023-11-08 18:59:53', 'ZG0685964', 'Artikal dodan'),
	(228, 228, 328, 228, 'CZC9095V23', 'zaduženo', '2023-11-08 19:00:06', 'V0046945', 'Artikal dodan'),
	(229, 229, 328, 229, 'CZC9095TMZ', 'zaduženo', '2023-11-08 19:00:17', 'ZE0686689', 'Artikal dodan'),
	(230, 230, 329, 230, 'CZC0017L9P', 'zaduženo', '2023-11-08 19:00:30', 'NEMA', 'Artikal dodan'),
	(231, 231, 312, 231, 'CZC9095TPG', 'zaduženo', '2023-11-08 19:00:54', 'V0047041', 'Artikal dodan'),
	(232, 232, 206, 232, 'CZC9095TMT', 'zaduženo', '2023-11-08 19:01:12', 'ZG0685739', 'Artikal dodan'),
	(233, 233, 220, 233, 'CZC9095V63', 'zaduženo', '2023-11-08 19:01:30', 'V046897', 'Artikal dodan'),
	(234, 234, 223, 234, 'CZC9095TNB', 'zaduženo', '2023-11-08 19:01:40', 'ZE0686037', 'Artikal dodan'),
	(235, 235, 235, 235, 'CZC9095TTZ', 'zaduženo', '2023-11-08 19:02:08', 'ZG0685924', 'Artikal dodan'),
	(236, 236, 230, 236, 'CZC9095TWJ', 'zaduženo', '2023-11-08 19:02:18', 'ZE0686727', 'Artikal dodan'),
	(237, 237, 228, 237, 'CZC9095TLQ', 'zaduženo', '2023-11-08 19:03:16', 'ZG0685741', 'Artikal dodan'),
	(238, 238, 234, 238, 'CZC9095V0T', 'zaduženo', '2023-11-08 19:03:30', 'O-005134', 'Artikal dodan'),
	(239, 239, 366, 239, 'CZC9095V1S', 'zaduženo', '2023-11-08 19:04:12', 'V048431', 'Artikal dodan'),
	(240, 240, 367, 240, 'CZC0017L89', 'zaduženo', '2023-11-08 19:04:28', 'ZG0685737', 'Artikal dodan'),
	(241, 241, 277, 241, 'CZC9095V6X', 'zaduženo', '2023-11-08 19:04:44', 'ZG0685700', 'Artikal dodan'),
	(242, 242, 277, 242, 'CZC0017L2J', 'zaduženo', '2023-11-08 19:04:57', 'ZG0685825', 'Artikal dodan'),
	(243, 243, 372, 243, 'CZC9095TNC', 'zaduženo', '2023-11-08 19:05:10', 'ZG0685701', 'Artikal dodan'),
	(244, 244, 225, 244, 'CZC9095TTQ', 'zaduženo', '2023-11-08 19:05:34', 'ZE0686691', 'Artikal dodan'),
	(245, 245, 225, 245, 'CZC0017L9H', 'zaduženo', '2023-11-08 19:05:44', 'ZG0685738', 'Artikal dodan'),
	(246, 246, 233, 246, 'CZC0017L1M', 'zaduženo', '2023-11-08 19:05:55', 'ZE0686735', 'Artikal dodan'),
	(247, 247, 284, 247, 'CZC9095V25', 'zaduženo', '2023-11-08 19:06:09', 'V0046949', 'Artikal dodan'),
	(248, 248, 224, 248, 'CZC9095TM3', 'zaduženo', '2023-11-08 19:06:23', 'V046979', 'Artikal dodan'),
	(249, 249, 330, 249, 'CZC9095TLZ', 'zaduženo', '2023-11-08 19:06:36', 'K0152836', 'Artikal dodan'),
	(250, 250, 368, 250, 'CZC9095TRN', 'zaduženo', '2023-11-08 19:06:47', 'V0047038', 'Artikal dodan'),
	(251, 251, 385, 251, 'CZC0017L2T', 'zaduženo', '2023-11-08 19:07:49', 'M11373', 'Artikal dodan'),
	(252, 252, 363, 252, 'CZC82600X4', 'zaduženo', '2023-11-08 21:12:07', 'M41962', 'Artikal dodan'),
	(253, 253, 224, 253, 'CZC8247LLZ', 'zaduženo', '2023-11-08 21:12:20', 'V046847', 'Artikal dodan'),
	(254, 254, 265, 385, 'CZC82600YB', 'razduženo', '2023-11-08 21:12:38', 'ZE0686695', 'Artikal dodan'),
	(255, 255, 386, 255, 'CZC82600Y2', 'zaduženo', '2023-11-08 21:13:49', 'ZG0685456', 'Artikal dodan'),
	(256, 256, 332, 256, 'CZC8247LKZ', 'zaduženo', '2023-11-08 21:14:17', 'ZE0685707', 'Artikal dodan'),
	(257, 257, 316, 257, 'CZC82600Z1', 'zaduženo', '2023-11-08 21:14:38', 'NEMA', 'Artikal dodan'),
	(258, 258, 222, 258, 'CZC82600YL', 'zaduženo', '2023-11-08 21:14:53', 'O-005132', 'Artikal dodan'),
	(259, 259, 219, 441, 'CZC82600VW', 'razduženo', '2023-11-08 21:15:11', 'NEMA', 'Artikal dodan'),
	(260, 260, 210, 260, 'CZC1279NSJ', 'zaduženo', '2023-11-08 21:17:27', 'ZE0686939', 'Artikal dodan'),
	(261, 261, 387, 261, 'CZC1279NSV', 'zaduženo', '2023-11-08 21:18:31', 'ZE0686911', 'Artikal dodan'),
	(262, 262, 273, 262, 'CZC1279NS2', 'zaduženo', '2023-11-08 21:18:42', 'M32205', 'Artikal dodan'),
	(263, 263, 182, 263, 'CZC1279NT1', 'zaduženo', '2023-11-08 21:18:52', 'ZG0686056', 'Artikal dodan'),
	(264, 264, 259, 264, 'CZC1279NT3', 'zaduženo', '2023-11-08 21:19:02', 'ZE0686917', 'Artikal dodan'),
	(265, 265, 198, 265, 'CZC1279NT2', 'zaduženo', '2023-11-08 21:19:23', 'ZG0686059', 'Artikal dodan'),
	(266, 266, 243, 266, 'CZC1279NSS', 'zaduženo', '2023-11-08 21:19:32', 'K0152944', 'Artikal dodan'),
	(267, 267, 388, 267, 'CZC1279NST', 'zaduženo', '2023-11-08 21:21:02', 'ZG0686060', 'Artikal dodan'),
	(268, 268, 337, 268, 'CZC1279NSK', 'zaduženo', '2023-11-08 21:21:23', 'K0152943', 'Artikal dodan'),
	(269, 269, 338, 269, 'CZC1279NT8', 'zaduženo', '2023-11-08 21:21:34', 'V048485', 'Artikal dodan'),
	(270, 270, 331, 270, 'CZC1279NSF', 'zaduženo', '2023-11-08 21:21:54', 'ZE0686898', 'Artikal dodan'),
	(271, 271, 295, 271, 'CZC1279NSP', 'zaduženo', '2023-11-08 21:22:43', 'O-005152', 'Artikal dodan'),
	(272, 272, 313, 272, 'CZC1279NT4', 'zaduženo', '2023-11-08 21:22:54', 'ZE0686910', 'Artikal dodan'),
	(273, 273, 340, 273, 'CZC1279NS4', 'zaduženo', '2023-11-08 21:23:09', 'V047022', 'Artikal dodan'),
	(274, 274, 373, 274, 'CN41060HMZ', 'zaduženo', '2023-11-08 21:25:52', 'ZE0687923', 'Artikal dodan'),
	(275, 275, 210, 275, 'CN41060Z05', 'zaduženo', '2023-11-08 21:26:02', 'ZE0687921', 'Artikal dodan'),
	(276, 276, 152, 276, 'CN41060Z06', 'zaduženo', '2023-11-08 21:26:21', 'ZE0687924', 'Artikal dodan'),
	(277, 277, 212, 277, 'CN41060Z02', 'zaduženo', '2023-11-08 21:26:32', 'ZE0687922', 'Artikal dodan'),
	(278, 278, 221, 278, 'CN41060BGG', 'zaduženo', '2023-11-08 21:27:33', 'ZE0687926', 'Artikal dodan'),
	(279, 279, 148, 279, 'GJZ0Q83', 'zaduženo', '2023-11-08 21:28:33', 'ZE0687914', 'Artikal dodan'),
	(280, 280, 246, 280, 'J7K0Q83', 'zaduženo', '2023-11-08 21:29:25', 'ZE0687917', 'Artikal dodan'),
	(281, 281, 370, 281, '23K0Q83', 'zaduženo', '2023-11-08 21:30:25', 'ZG0687156', 'Artikal dodan'),
	(282, 282, 371, 282, 'B3K0Q83', 'zaduženo', '2023-11-08 21:30:37', 'M43103', 'Artikal dodan'),
	(283, 283, 376, 283, 'J6K0Q83', 'zaduženo', '2023-11-08 21:30:47', 'ZG0687155', 'Artikal dodan'),
	(284, 284, 372, 284, '87K0Q83', 'zaduženo', '2023-11-08 21:31:02', 'V005060', 'Artikal dodan'),
	(285, 285, 378, 285, '28K0Q83', 'zaduženo', '2023-11-08 21:31:15', 'K0153859', 'Artikal dodan'),
	(286, 286, 289, 286, 'FZJ0Q83', 'zaduženo', '2023-11-08 21:31:28', 'M11671', 'Artikal dodan'),
	(287, 287, 224, 287, 'H7K0Q83', 'zaduženo', '2023-11-08 21:32:38', 'ZG0687153', 'Artikal dodan'),
	(288, 288, 330, 288, 'G3K0Q83', 'zaduženo', '2023-11-08 21:32:49', 'ZG0687154', 'Artikal dodan'),
	(289, 289, 369, 289, '6C718N3', 'zaduženo', '2023-11-08 21:33:40', 'ZE0687962', 'Artikal dodan'),
	(290, 290, 189, 290, '1QV08N3', 'zaduženo', '2023-11-08 21:34:02', 'ZE0687960', 'Artikal dodan'),
	(291, 291, 251, 291, '56618N3', 'zaduženo', '2023-11-08 21:34:12', 'ZG0687252', 'Artikal dodan'),
	(292, 292, 349, 292, '54X08N3', 'zaduženo', '2023-11-08 21:34:30', 'ZE0687970', 'Artikal dodan'),
	(293, 293, 214, 293, '56X08N3', 'zaduženo', '2023-11-08 21:34:48', 'M11687', 'Artikal dodan'),
	(294, 294, 301, 294, '6MRZ7N3', 'zaduženo', '2023-11-08 21:35:04', 'M43209', 'Artikal dodan'),
	(295, 295, 374, 295, '54618N3', 'zaduženo', '2023-11-08 21:36:08', 'ZE0687986', 'Artikal dodan'),
	(296, 296, 363, 296, '18718N3', 'zaduženo', '2023-11-08 21:36:20', 'ZE0687992', 'Artikal dodan'),
	(297, 297, 207, 297, '1Z618N3', 'zaduženo', '2023-11-08 21:36:31', 'ZE0687984', 'Artikal dodan'),
	(298, 298, 353, 298, '5LW08N3', 'zaduženo', '2023-11-08 21:36:41', 'ZE0687988', 'Artikal dodan'),
	(299, 299, 375, 299, '10618N3', 'zaduženo', '2023-11-08 21:36:50', 'ZE0687983', 'Artikal dodan'),
	(300, 300, 377, 300, '5W718N3', 'zaduženo', '2023-11-08 21:37:01', 'ZE0687987', 'Artikal dodan'),
	(301, 301, 385, 301, '6FV08N3', 'zaduženo', '2023-11-08 21:37:42', 'ZE0687989', 'Artikal dodan'),
	(302, 302, 389, 302, '5M718N3', 'zaduženo', '2023-11-08 21:38:30', 'ZE0687991', 'Artikal dodan'),
	(303, 303, 368, 303, '63618N3', 'zaduženo', '2023-11-08 21:38:40', 'ZE0687985', 'Artikal dodan'),
	(304, 304, 315, 304, '5QRZ7N3', 'zaduženo', '2023-11-08 21:38:52', 'ZE0687990', 'Artikal dodan'),
	(305, 305, 217, 305, 'S4S59307', 'zaduženo', '2023-11-08 21:41:02', 'ZE0687436', 'Artikal dodan'),
	(306, 306, 171, 306, 'DL3A0841969892', 'zaduženo', '2023-11-08 21:46:00', 'NEMA', 'Artikal dodan'),
	(307, 307, 185, 307, 'DL3A0842004456', 'zaduženo', '2023-11-08 21:46:27', 'ZG06860376', 'Artikal dodan'),
	(308, 308, 162, 308, 'DL3A0841970116', 'zaduženo', '2023-11-08 21:46:52', 'NEMA', 'Artikal dodan'),
	(309, 309, 247, 309, 'DL3A0841970095', 'zaduženo', '2023-11-08 21:47:04', 'NEMA', 'Artikal dodan'),
	(310, 310, 161, 310, 'DL3A0841970105', 'zaduženo', '2023-11-08 21:47:14', 'NEMA', 'Artikal dodan'),
	(311, 311, 379, 311, 'DL3A0842004459', 'zaduženo', '2023-11-08 21:47:25', 'NEMA', 'Artikal dodan'),
	(312, 312, 244, 312, 'DL3A0842990068', 'zaduženo', '2023-11-08 21:47:36', 'ZE0686700', 'Artikal dodan'),
	(313, 313, 293, 313, 'DL3A0842004445', 'zaduženo', '2023-11-08 21:48:06', 'M11374', 'Artikal dodan'),
	(314, 314, 310, 314, 'DL3A0841970090', 'zaduženo', '2023-11-08 21:48:39', 'NEMA', 'Artikal dodan'),
	(315, 315, 281, 315, 'DL3A0842004440', 'zaduženo', '2023-11-08 21:49:01', 'M32113', 'Artikal dodan'),
	(316, 316, 388, 316, 'DL3A0841970099', 'zaduženo', '2023-11-08 21:49:14', 'ZG0686060', 'Artikal dodan'),
	(317, 317, 362, 317, 'DL3A0842004492', 'zaduženo', '2023-11-08 21:49:23', 'M32115', 'Artikal dodan'),
	(318, 318, 206, 318, 'DL3A0842003571', 'zaduženo', '2023-11-08 21:50:03', 'NEMA', 'Artikal dodan'),
	(319, 319, 297, 319, 'DL3A0841970140', 'zaduženo', '2023-11-08 21:50:29', 'NEMA', 'Artikal dodan'),
	(320, 320, 385, 320, 'DL3A0841970198', 'zaduženo', '2023-11-08 21:51:06', 'M11373', 'Artikal dodan'),
	(321, 321, 305, 321, 'DL3A0841970101', 'zaduženo', '2023-11-08 21:51:19', 'NEMA', 'Artikal dodan'),
	(322, 322, 368, 322, 'DL3A0841969857', 'zaduženo', '2023-11-08 21:51:28', 'ZG06860384', 'Artikal dodan'),
	(323, 323, 178, 323, 'UK0A1528008221', 'zaduženo', '2023-11-08 21:52:57', 'ZE0687481', 'Artikal dodan'),
	(324, 324, 359, 324, 'UK0A1528008807', 'zaduženo', '2023-11-08 21:53:08', 'ZE0687467', 'Artikal dodan'),
	(325, 325, 156, 325, 'UK01418024625', 'zaduženo', '2023-11-08 21:53:34', 'ZE0687301', 'Artikal dodan'),
	(326, 326, 179, 326, 'UK0A1528008227', 'zaduženo', '2023-11-08 21:53:44', 'ZE0687487', 'Artikal dodan'),
	(327, 327, 262, 327, 'UK0A1528008232', 'zaduženo', '2023-11-08 21:53:54', 'ZE0687488', 'Artikal dodan'),
	(328, 328, 268, 328, 'UK0A1528008219', 'zaduženo', '2023-11-08 21:54:06', 'ZE0687486', 'Artikal dodan'),
	(329, 329, 237, 329, 'UK0A1528008217', 'zaduženo', '2023-11-08 21:54:31', 'ZE0687471', 'Artikal dodan'),
	(330, 330, 380, 330, 'UK0A1528008218', 'zaduženo', '2023-11-08 21:54:42', 'ZE0687485', 'Artikal dodan'),
	(331, 331, 244, 331, 'UK0A1528016906', 'zaduženo', '2023-11-08 21:54:52', 'ZE0687480', 'Artikal dodan'),
	(332, 332, 252, 332, 'UK0A1528016920', 'zaduženo', '2023-11-08 21:55:01', 'ZE0687473', 'Artikal dodan'),
	(333, 333, 307, 333, 'UK0A1528008811', 'zaduženo', '2023-11-08 21:55:48', 'ZE0687465', 'Artikal dodan'),
	(334, 334, 362, 334, 'UK0A1528008224', 'zaduženo', '2023-11-08 21:56:13', 'ZE0687484', 'Artikal dodan'),
	(335, 335, 337, 335, 'UK0A1528017138', 'zaduženo', '2023-11-08 21:56:34', 'ZE0687466', 'Artikal dodan'),
	(336, 336, 342, 336, 'UK0A1528008230', 'zaduženo', '2023-11-08 21:56:47', 'ZE0687472', 'Artikal dodan'),
	(337, 337, 326, 337, 'UK0A1418024759', 'zaduženo', '2023-11-08 21:57:08', 'ZE0687299', 'Artikal dodan'),
	(338, 338, 295, 338, 'UK0A1528008220', 'zaduženo', '2023-11-08 21:57:38', 'ZE0687482', 'Artikal dodan'),
	(339, 339, 277, 339, 'UK0A1528008249', 'zaduženo', '2023-11-08 21:58:09', 'ZE0687479', 'Artikal dodan'),
	(340, 340, 303, 340, 'UK01528008244', 'zaduženo', '2023-11-08 21:58:31', 'ZE0687475', 'Artikal dodan'),
	(341, 341, 171, 341, 'CN02RK1Y742614231K3B', 'zaduženo', '2023-11-08 22:07:33', 'ZG0686527', 'Artikal dodan'),
	(342, 342, 180, 342, 'CN02RK1Y742614230NWB', 'zaduženo', '2023-11-08 22:07:44', 'ZG0686532', 'Artikal dodan'),
	(343, 343, 266, 343, 'CN02RK1Y742614231JKB', 'zaduženo', '2023-11-08 22:07:55', 'ZG0686525', 'Artikal dodan'),
	(344, 344, 387, 344, 'CN02RK1Y742614231KAB', 'zaduženo', '2023-11-08 22:08:06', 'V047101', 'Artikal dodan'),
	(345, 345, 181, 345, 'CN02RK1Y742614230NVB', 'zaduženo', '2023-11-08 22:08:16', 'ZG0686524', 'Artikal dodan'),
	(346, 346, 184, 346, 'CN02RK1Y742614231K7B', 'zaduženo', '2023-11-08 22:08:26', 'ZG0686534', 'Artikal dodan'),
	(347, 347, 205, 347, 'CN02RK1Y742614230PFB', 'zaduženo', '2023-11-08 22:08:36', 'ZG0686521', 'Artikal dodan'),
	(348, 348, 361, 348, 'CN02RK1Y742614230NCB', 'zaduženo', '2023-11-08 22:08:59', 'ZG0686518', 'Artikal dodan'),
	(349, 349, 351, 349, 'CN02RK1Y742614231JYB', 'zaduženo', '2023-11-08 22:09:10', 'ZG0686531', 'Artikal dodan'),
	(350, 350, 238, 350, 'CN02RK1Y742614230N6B', 'zaduženo', '2023-11-08 22:09:19', 'ZG0686519', 'Artikal dodan'),
	(351, 351, 380, 351, 'CN02RK1Y742614231JRB', 'zaduženo', '2023-11-08 22:09:28', 'K01530598', 'Artikal dodan'),
	(352, 352, 239, 352, 'CN02RK1Y742614230P0B', 'zaduženo', '2023-11-08 22:09:37', 'ZG0686520', 'Artikal dodan'),
	(353, 353, 288, 353, 'CN02RK1Y742614231JHB', 'zaduženo', '2023-11-08 22:10:07', 'M11499', 'Artikal dodan'),
	(354, 354, 214, 354, 'CN02RK1Y742614230N8B', 'zaduženo', '2023-11-08 22:10:16', 'ZG0686528', 'Artikal dodan'),
	(355, 355, 300, 355, 'CN02RK1Y742614230PGB', 'zaduženo', '2023-11-08 22:10:35', 'ZG0686517', 'Artikal dodan'),
	(356, 356, 279, 356, 'CN02RK1Y742614230PAB', 'zaduženo', '2023-11-08 22:10:53', 'M32308', 'Artikal dodan'),
	(357, 357, 362, 357, 'CN02RK1Y742614231K9B', 'zaduženo', '2023-11-08 22:11:02', 'M32307', 'Artikal dodan'),
	(358, 358, 334, 358, 'CN02RK1Y742614230NMB', 'zaduženo', '2023-11-08 22:11:21', 'Z0069516', 'Artikal dodan'),
	(359, 359, 338, 359, 'CN02RK1Y742614230NLB', 'zaduženo', '2023-11-08 22:11:33', 'Z0069515', 'Artikal dodan'),
	(360, 360, 324, 360, 'CN02RK1Y742614230NGB', 'zaduženo', '2023-11-08 22:11:49', 'ZG0686529', 'Artikal dodan'),
	(361, 361, 222, 361, 'CN02RK1Y742614231K2B', 'zaduženo', '2023-11-08 22:12:14', 'V047102', 'Artikal dodan'),
	(362, 362, 220, 362, 'CN02RK1Y742614231JVB', 'zaduženo', '2023-11-08 22:12:24', 'V047103', 'Artikal dodan'),
	(363, 363, 296, 363, 'CN02RK1Y742614230NJB', 'zaduženo', '2023-11-08 22:12:42', 'ZG0686533', 'Artikal dodan'),
	(364, 364, 352, 364, 'CN02RK1Y742614230NRB', 'zaduženo', '2023-11-08 22:12:53', 'ZG0686516', 'Artikal dodan'),
	(365, 365, 232, 365, 'CN02RK1Y742614231P7B', 'zaduženo', '2023-11-08 22:13:12', 'ZG0686515', 'Artikal dodan'),
	(366, 366, 231, 366, 'CN02RK1Y742614230NNB', 'zaduženo', '2023-11-08 22:13:23', 'K01530597', 'Artikal dodan'),
	(367, 367, 234, 367, 'CN02RK1Y742614230P98', 'zaduženo', '2023-11-08 22:13:34', 'ZG0686522', 'Artikal dodan'),
	(368, 368, 225, 368, 'CN02RK1Y742614230P6B', 'zaduženo', '2023-11-08 22:13:57', 'ZG0686526', 'Artikal dodan'),
	(369, 369, 171, 369, 'CNC60839C7', 'zaduženo', '2023-11-08 22:17:15', 'NEMA', 'Artikal dodan'),
	(370, 370, 171, 370, 'CNC60839NS', 'zaduženo', '2023-11-08 22:17:26', 'NEMA', 'Artikal dodan'),
	(371, 371, 171, 371, 'CNC6083B49', 'zaduženo', '2023-11-08 22:17:37', 'NEMA', 'Artikal dodan'),
	(372, 372, 241, 372, 'D8LMTF014932', 'zaduženo', '2023-11-08 22:18:59', 'ZG06860361', 'Artikal dodan'),
	(373, 373, 366, 373, 'D8LMTF113086', 'zaduženo', '2023-11-08 22:20:18', 'ZG06860371', 'Artikal dodan'),
	(374, 374, 217, 374, 'D8LMTF015089', 'zaduženo', '2023-11-08 22:20:33', 'ZG06860380', 'Artikal dodan'),
	(375, 375, 355, 375, 'D8LMTF113067', 'zaduženo', '2023-11-08 22:20:43', 'ZG06860374', 'Artikal dodan'),
	(376, 376, 372, 376, 'D8LMTF014948', 'zaduženo', '2023-11-08 22:20:58', 'ZE0687215', 'Artikal dodan'),
	(377, 377, 280, 377, 'BCLMQS093936', 'zaduženo', '2023-11-08 22:21:10', 'ZG06860375', 'Artikal dodan'),
	(378, 378, 265, 378, 'S4XTZN9', 'zaduženo', '2023-11-09 07:11:30', 'ZG06860255', 'Artikal dodan'),
	(391, 254, 390, 384, 'CZC82600YB', 'razduženo', '2023-11-09 13:50:08', 'ZE0686695', 'Status promijenjen'),
	(392, 379, 390, 386, 'CZC1118K5P', 'razduženo', '2023-11-09 13:53:13', 'ZE0687909', 'Artikal dodan'),
	(393, 380, 390, 387, 'CZC1118K8P', 'razduženo', '2023-11-09 13:53:26', 'ZE0687910', 'Artikal dodan'),
	(394, 381, 390, 388, 'CZC1118K6Z', 'razduženo', '2023-11-09 13:53:36', 'ZE0687911', 'Artikal dodan'),
	(395, 382, 390, 389, 'CZC1118K85', 'razduženo', '2023-11-09 13:53:50', 'ZE0687912', 'Artikal dodan'),
	(396, 383, 390, 390, 'CZC1118K6S', 'razduženo', '2023-11-09 13:54:20', 'ZE0687913', 'Artikal dodan'),
	(397, 384, 390, 391, 'CZC9095TVY', 'razduženo', '2023-11-09 13:55:13', 'ZE0686036', 'Artikal dodan'),
	(398, 385, 390, 392, 'CZC9095V29', 'razduženo', '2023-11-09 13:55:24', 'K0152837', 'Artikal dodan'),
	(399, 386, 390, 393, 'CZC9095TVT', 'razduženo', '2023-11-09 13:55:43', 'ZG0685702', 'Artikal dodan'),
	(400, 387, 390, 394, 'CZC0017L2F', 'razduženo', '2023-11-09 13:56:02', 'ZE0686702', 'Artikal dodan'),
	(401, 388, 390, 395, 'CZC9095TMK', 'razduženo', '2023-11-09 13:56:13', 'Z0069281', 'Artikal dodan'),
	(403, 390, 390, 397, 'CZC9095TYZ', 'razduženo', '2023-11-09 13:56:34', 'ZG0686035', 'Artikal dodan'),
	(404, 391, 390, 398, 'CZC9095TWF', 'razduženo', '2023-11-09 13:56:44', 'ZG0685455', 'Artikal dodan'),
	(405, 392, 390, 399, 'CZC9095TY7', 'razduženo', '2023-11-09 13:56:54', 'ZE0685974', 'Artikal dodan'),
	(406, 393, 390, 400, 'CZC0017L8F', 'razduženo', '2023-11-09 13:57:06', 'ZE0686733', 'Artikal dodan'),
	(407, 394, 390, 401, 'CZC9095TMM', 'razduženo', '2023-11-09 13:57:17', 'ZG0685966', 'Artikal dodan'),
	(408, 395, 390, 402, 'CZC0017L34', 'razduženo', '2023-11-09 13:57:28', 'ZG0685922', 'Artikal dodan'),
	(410, 397, 390, 404, 'CZC0017L70', 'razduženo', '2023-11-09 13:57:57', 'ZE0686685', 'Artikal dodan'),
	(411, 398, 390, 405, 'S4XVAR8', 'razduženo', '2023-11-09 14:05:20', 'ZE0687162', 'Artikal dodan'),
	(412, 399, 390, 406, 'S4XTZN5', 'razduženo', '2023-11-09 14:05:32', 'ZG06860338', 'Artikal dodan'),
	(413, 400, 390, 407, 'S4XVAR9', 'razduženo', '2023-11-09 14:05:45', 'V047064', 'Artikal dodan'),
	(414, 401, 390, 408, 'S4XTYZ9', 'razduženo', '2023-11-09 14:06:07', 'ZG06860431', 'Artikal dodan'),
	(415, 27, 390, 27, 'S4S59302', 'razduženo', '2023-11-09 14:07:43', 'ZE0687441', 'Status promijenjen'),
	(416, 26, 390, 26, 'S4S59270', 'razduženo', '2023-11-09 14:09:03', 'ZG0686646', 'Status promijenjen'),
	(417, 402, 390, 411, 'S4S54197', 'razduženo', '2023-11-09 14:09:55', 'M42778', 'Artikal dodan'),
	(418, 403, 390, 412, 'S4S59282', 'razduženo', '2023-11-09 14:10:15', 'K0153665', 'Artikal dodan'),
	(419, 404, 390, 413, 'S4S54750', 'razduženo', '2023-11-09 14:10:33', 'ZE0687449', 'Artikal dodan'),
	(446, 405, 390, 414, 'CZC8247LKY', 'razduženo', '2023-11-09 14:24:43', 'M41923', 'Artikal dodan'),
	(447, 406, 390, 415, 'CZC82600SF', 'razduženo', '2023-11-09 14:25:11', 'ZE0686905', 'Artikal dodan'),
	(448, 407, 390, 416, 'CZC82600Z3', 'razduženo', '2023-11-09 14:25:41', 'ZG0685866', 'Artikal dodan'),
	(449, 408, 390, 417, 'CZC82600S0', 'razduženo', '2023-11-09 14:25:56', 'ZG0686062', 'Artikal dodan'),
	(450, 409, 390, 418, 'CZC82600X9', 'razduženo', '2023-11-09 14:26:06', 'ZE0686069', 'Artikal dodan'),
	(451, 410, 390, 419, 'CZC82600Z5', 'razduženo', '2023-11-09 14:26:17', 'V046921', 'Artikal dodan'),
	(452, 411, 390, 420, 'CZC82600Z7', 'razduženo', '2023-11-09 14:26:29', 'ZG0685925', 'Artikal dodan'),
	(460, 412, 390, 421, 'CZC1279NS3', 'razduženo', '2023-11-09 14:28:22', 'ZG0686057', 'Artikal dodan'),
	(461, 413, 390, 422, 'CZC1279NS9', 'razduženo', '2023-11-09 14:28:33', 'ZE0686918', 'Artikal dodan'),
	(462, 414, 390, 423, 'CZC1279NSC', 'razduženo', '2023-11-09 14:28:41', 'ZE0686906', 'Artikal dodan'),
	(466, 415, 390, 424, 'S4G29365', 'razduženo', '2023-11-09 14:31:01', 'ZE0687295', 'Artikal dodan'),
	(467, 416, 390, 425, 'S4G29433', 'razduženo', '2023-11-09 14:31:12', 'ZE0687294', 'Artikal dodan'),
	(468, 417, 390, 426, 'S4G29349', 'razduženo', '2023-11-09 14:31:25', 'V0048618', 'Artikal dodan'),
	(472, 418, 390, 427, 'UK0A1528008225', 'razduženo', '2023-11-09 14:33:49', 'ZE0687469', 'Artikal dodan'),
	(473, 419, 390, 428, 'UK0A1528008215', 'razduženo', '2023-11-09 14:34:00', 'ZE0687483', 'Artikal dodan'),
	(474, 420, 390, 429, 'UK0A1528008247', 'razduženo', '2023-11-09 14:34:09', 'ZE0687477', 'Artikal dodan'),
	(475, 421, 390, 430, 'UK0A1528008236', 'razduženo', '2023-11-09 14:34:19', 'ZE0687489', 'Artikal dodan'),
	(476, 422, 390, 431, 'UK0A1528008229', 'razduženo', '2023-11-09 14:34:31', 'ZE0687490', 'Artikal dodan'),
	(477, 423, 390, 432, 'UK0A1528008216', 'razduženo', '2023-11-09 14:34:41', 'ZE0687491', 'Artikal dodan'),
	(478, 424, 390, 433, 'UK0A1528008257', 'razduženo', '2023-11-09 14:34:52', 'ZE0687492', 'Artikal dodan'),
	(479, 425, 390, 434, 'UK0A1528008228', 'razduženo', '2023-11-09 14:35:02', 'ZE0687493', 'Artikal dodan'),
	(480, 426, 390, 435, 'UK0A1528008213', 'razduženo', '2023-11-09 14:35:12', 'ZE0687494', 'Artikal dodan'),
	(481, 427, 390, 436, 'UK0A1528008226', 'razduženo', '2023-11-09 14:35:21', 'ZE0687495', 'Artikal dodan'),
	(482, 428, 390, 437, 'UK0A1528017133', 'razduženo', '2023-11-09 14:35:30', 'ZE0687496', 'Artikal dodan'),
	(483, 429, 390, 438, 'UK0A1528008223', 'razduženo', '2023-11-09 14:35:41', 'ZE0687497', 'Artikal dodan'),
	(484, 430, 390, 439, 'UK0A1528008252', 'razduženo', '2023-11-09 14:35:52', 'ZE0687478', 'Artikal dodan'),
	(498, 259, 390, 440, 'CZC0017L24', 'razduženo', '2023-11-09 14:48:44', 'V0046965', 'Status promijenjen'),
	(499, 259, 219, 440, 'CZC0017L24', 'zaduženo', '2023-11-09 14:50:13', 'V0046965', 'Status promijenjen');

-- Dumping structure for table inventory_v2.category
DROP TABLE IF EXISTS `category`;
CREATE TABLE IF NOT EXISTS `category` (
  `category_id` int NOT NULL AUTO_INCREMENT,
  `name` varchar(255) CHARACTER SET utf8mb4 COLLATE utf8mb4_bin NOT NULL,
  `image_path` varchar(255) CHARACTER SET utf8mb4 COLLATE utf8mb4_bin DEFAULT NULL,
  `parent_category_id` int DEFAULT NULL,
  PRIMARY KEY (`category_id`),
  KEY `parent_category_id` (`parent_category_id`),
  CONSTRAINT `category_ibfk_1` FOREIGN KEY (`parent_category_id`) REFERENCES `category` (`category_id`)
) ENGINE=InnoDB DEFAULT CHARSET=utf8mb4 COLLATE=utf8mb4_bin;

-- Dumping data for table inventory_v2.category: ~8 rows (approximately)
INSERT INTO `category` (`category_id`, `name`, `image_path`, `parent_category_id`) VALUES
	(1, 'Rač. oprema', 'bi bi-pc-display', NULL),
	(2, 'Radne stanice', 'bi bi-pc-display-horizontal', 1),
	(3, 'Memorija pohrane', 'bi bi-hdd', 2),
	(4, 'Monitor', 'bi bi-display', 1),
	(5, 'Telefoni', 'bi bi-telephone-fill', NULL),
	(6, 'Bežični telefon', 'bi bi-phone-fill', 5),
	(7, 'Žični telefon', 'bi bi-phone', 5),
	(8, 'Miš', 'bi bi-mouse2-fill', 1);

-- Dumping structure for table inventory_v2.department
DROP TABLE IF EXISTS `department`;
CREATE TABLE IF NOT EXISTS `department` (
  `department_id` int NOT NULL AUTO_INCREMENT,
  `title` varchar(255) CHARACTER SET utf8mb4 COLLATE utf8mb4_bin NOT NULL,
  `description` text CHARACTER SET utf8mb4 COLLATE utf8mb4_bin,
  `departmend_code` varchar(50) CHARACTER SET utf8mb4 COLLATE utf8mb4_bin DEFAULT NULL,
  `parent_department_id` int DEFAULT NULL,
  PRIMARY KEY (`department_id`),
  KEY `parent_department_id` (`parent_department_id`),
  CONSTRAINT `department_ibfk_1` FOREIGN KEY (`parent_department_id`) REFERENCES `department` (`department_id`)
) ENGINE=InnoDB DEFAULT CHARSET=utf8mb4 COLLATE=utf8mb4_bin;

-- Dumping data for table inventory_v2.department: ~51 rows (approximately)
INSERT INTO `department` (`department_id`, `title`, `description`, `departmend_code`, `parent_department_id`) VALUES
	(2, 'Sektor za IKT', 'Sektor za informacione i komunikacione tehnologije IKT', '1010206', NULL),
	(3, 'Služba za IKT Zenica', 'Sektor za informacione i komunikacione tehnologije IKT Zenica', '101020601', 2),
	(5, 'Sektor za investicije', 'Sektor za investicije', '1030802', NULL),
	(6, 'Služba za pripremu investicija', 'Služba za pripremu investicija', '103080201', 5),
	(7, 'Služba za realizaciju investicija', 'Služba za realizaciju investicija', '103080202', 5),
	(8, 'Služba za imovinsko-pravne odnose', 'Služba za imovinsko-pravne odnose', '103080203', 5),
	(9, 'Odjeljenje za nova prava', 'Odjeljenje za nova prava', '10308020301', 8),
	(10, 'Odjeljenje za postojeću imovinu', 'Odjeljenje za postojeću imovinu', '10308020302', 8),
	(11, 'Sektor za pristup mreži i upravljanje', 'Sektor za pristup mreži i upravljanje', '1030803', NULL),
	(12, 'Služba za pristup mreži', 'Služba za pristup mreži', '103080301', 11),
	(13, 'Služba za upravljanje i operativne analize', '', '103080302', 11),
	(14, 'Odjeljenje za dispečiranje', '', '10308030201', 13),
	(15, 'Odjeljenje za zaštitu i kvalitet električne energije', '', '10308030202', 13),
	(19, 'Ured Direktora', '', '1030801', NULL),
	(20, 'Služba za internu kontrole', '', '103080101', 19),
	(21, 'Služba za odnose s javnošću i informisanje kupaca', '', '103080102', 19),
	(22, 'Sektor obračunskih mjerenja i očitanja', '', '1030805', NULL),
	(23, 'Sektor za ekonomske poslove', '', '1030807', NULL),
	(24, 'Služba za finansije i računovodstvo', '', '103080701', 23),
	(25, 'Služba za komercijalne poslove', '', '103080702', 23),
	(26, 'Sektor za pravne, kadrovske i opće poslove', '', '1030808', NULL),
	(27, 'Služba za pravne i kadrovske poslove', '', '103080801', 26),
	(28, 'Služba za opće poslove', '', '103080802', 26),
	(29, 'Područje snabdjevanja', '', '1040206', NULL),
	(30, 'Služba za obračun', '', '104020601', 29),
	(31, 'Služba za naplatu i utuženja', '', '104020602', 29),
	(32, 'Služba za analitičke evidencije', '', '104020603', 29),
	(33, 'Sektor za tržišno snabdijevanje', '', '10401', NULL),
	(34, 'Služba za sigurnost i zaštitu', 'Služba za sigurnost i zaštitu', '103080103', 19),
	(35, 'Sektor za održavanje mreža i postrojenja', '', '1030804', NULL),
	(36, 'Služba za održavanje mreža i postrojenja', 'Služba za održavanje mreža i postrojenja', '103080401', 35),
	(37, 'Služba za transport', 'Služba za transport', '103080402', 35),
	(38, 'Poslovna jedinica Zenica', 'Poslovna jedinica Zenica', '1030806', NULL),
	(39, 'Poslovna jedinica Doboj Jug', '', '103080611', NULL),
	(40, 'Služba za planiranje, analizu i izvještavanje', '', '', 19),
	(41, 'Odjeljenje za prikupljanje i obradu mjernih podataka', 'Odjeljenje za prikupljanje i obradu mjernih podataka', '103080501', 22),
	(42, 'Odjeljenje za planiranje i održavanje mjernih mjesta ', 'Odjeljenje za planiranje i održavanje mjernih mjesta ', '103080502', 22),
	(43, 'Odjeljenje za pristup mreži', 'Odjeljenje za pristup mreži', '10308060101', 38),
	(44, 'Odjeljenje za upravljanje i održavanje mreža i postrojenja', 'Odjeljenje za upravljanje i održavanje mreža i postrojenja', '10308060102', 38),
	(45, 'Odjeljenje obračunskih mjerenja i očitanja', 'Odjeljenje obračunskih mjerenja i očitanja', '10308060103', 38),
	(46, 'Poslovna jedinica Kakanj', 'Poslovna jedinica Kakanj', '', NULL),
	(47, 'Poslovna jedinica Maglaj', 'Poslovna jedinica Maglaj', '', NULL),
	(48, 'Poslovna jedinica Olovo', 'Poslovna jedinica Olovo', '', NULL),
	(49, 'Poslovna jedinica Tešanj', 'Poslovna jedinica Tešanj', '', NULL),
	(50, 'Poslovna jedinica Vareš', 'Poslovna jedinica Vareš', '', NULL),
	(51, 'Poslovna jedinica Visoko', 'Poslovna jedinica Visoko', '', NULL),
	(52, 'Poslovna jedinica Zavidovići', 'Poslovna jedinica Zavidovići', '', NULL),
	(53, 'Poslovna jedinica Žepče', 'Poslovna jedinica Žepče', '', NULL),
	(54, 'Poslovna jedinica Breza', 'Poslovna jedinica Breza', '', NULL),
	(57, 'Odjeljenje obračuna i naplate električne energije (KA)', '', '', 46),
	(58, 'Sektor za tržišno snabdjevanje', '', '', NULL),
	(59, 'Odjeljenje za tržišno snabdjevanje', '', '', 33),
	(60, 'Odjeljenje za priključenja', '', '', NULL);

-- Dumping structure for table inventory_v2.department_job
DROP TABLE IF EXISTS `department_job`;
CREATE TABLE IF NOT EXISTS `department_job` (
  `department_job_id` int NOT NULL AUTO_INCREMENT,
  `department_id` int NOT NULL,
  `job_id` int NOT NULL,
  `location_id` int NOT NULL,
  PRIMARY KEY (`department_job_id`),
  KEY `department_id` (`department_id`),
  KEY `job_id` (`job_id`),
  KEY `location_id` (`location_id`),
  CONSTRAINT `department_job_ibfk_1` FOREIGN KEY (`department_id`) REFERENCES `department` (`department_id`),
  CONSTRAINT `department_job_ibfk_2` FOREIGN KEY (`job_id`) REFERENCES `job` (`job_id`),
  CONSTRAINT `department_job_ibfk_3` FOREIGN KEY (`location_id`) REFERENCES `location` (`location_id`)
) ENGINE=InnoDB DEFAULT CHARSET=utf8mb4 COLLATE=utf8mb4_0900_ai_ci;

-- Dumping data for table inventory_v2.department_job: ~152 rows (approximately)
INSERT INTO `department_job` (`department_job_id`, `department_id`, `job_id`, `location_id`) VALUES
	(2, 3, 2, 2),
	(13, 5, 7, 2),
	(14, 5, 6, 2),
	(15, 5, 8, 2),
	(16, 2, 9, 2),
	(17, 11, 8, 2),
	(18, 22, 8, 37),
	(19, 23, 8, 2),
	(20, 24, 9, 2),
	(21, 25, 9, 2),
	(22, 6, 9, 2),
	(23, 26, 8, 2),
	(24, 27, 9, 2),
	(27, 28, 9, 2),
	(29, 31, 9, 2),
	(30, 30, 9, 2),
	(31, 29, 8, 2),
	(32, 6, 10, 2),
	(33, 6, 11, 2),
	(34, 19, 12, 2),
	(36, 19, 13, 2),
	(38, 19, 14, 2),
	(40, 19, 15, 2),
	(42, 20, 9, 2),
	(44, 20, 16, 2),
	(46, 20, 16, 2),
	(48, 21, 9, 2),
	(54, 21, 17, 2),
	(55, 34, 18, 2),
	(57, 34, 19, 2),
	(59, 34, 20, 2),
	(61, 6, 9, 2),
	(62, 6, 21, 2),
	(64, 6, 10, 2),
	(65, 6, 11, 2),
	(66, 7, 9, 2),
	(67, 7, 22, 2),
	(68, 7, 23, 2),
	(69, 7, 24, 2),
	(70, 7, 25, 2),
	(71, 7, 26, 2),
	(72, 7, 27, 2),
	(73, 8, 9, 2),
	(74, 9, 28, 2),
	(75, 9, 29, 2),
	(76, 10, 30, 2),
	(77, 7, 9, 2),
	(78, 7, 22, 2),
	(79, 7, 23, 2),
	(80, 7, 24, 2),
	(81, 7, 25, 2),
	(82, 7, 26, 2),
	(83, 7, 27, 2),
	(84, 8, 9, 2),
	(85, 9, 28, 2),
	(86, 9, 29, 2),
	(87, 12, 9, 2),
	(88, 12, 9, 2),
	(90, 12, 32, 2),
	(91, 12, 31, 2),
	(93, 13, 9, 2),
	(101, 13, 33, 2),
	(102, 13, 34, 2),
	(103, 15, 36, 2),
	(104, 15, 37, 2),
	(107, 15, 35, 2),
	(109, 15, 76, 2),
	(110, 35, 8, 2),
	(111, 36, 9, 2),
	(112, 25, 39, 2),
	(113, 25, 40, 2),
	(114, 25, 41, 2),
	(115, 25, 42, 2),
	(116, 25, 43, 2),
	(117, 3, 44, 2),
	(118, 38, 45, 37),
	(119, 39, 45, 38),
	(122, 31, 47, 2),
	(123, 24, 48, 2),
	(124, 44, 52, 36),
	(125, 45, 51, 36),
	(126, 44, 51, 36),
	(127, 54, 45, 36),
	(128, 45, 50, 36),
	(129, 44, 50, 36),
	(130, 32, 49, 36),
	(131, 57, 97, 39),
	(132, 44, 51, 39),
	(133, 32, 56, 39),
	(134, 46, 55, 39),
	(135, 31, 54, 39),
	(136, 41, 53, 39),
	(137, 44, 65, 39),
	(138, 46, 45, 39),
	(139, 32, 57, 39),
	(140, 43, 58, 39),
	(141, 36, 76, 37),
	(142, 36, 98, 37),
	(143, 37, 9, 37),
	(144, 37, 77, 37),
	(145, 42, 50, 37),
	(146, 42, 52, 37),
	(147, 42, 63, 37),
	(148, 43, 51, 37),
	(149, 43, 61, 37),
	(150, 24, 81, 2),
	(151, 24, 86, 2),
	(152, 24, 43, 2),
	(153, 27, 95, 2),
	(154, 27, 83, 2),
	(155, 27, 82, 2),
	(156, 28, 87, 2),
	(157, 28, 85, 2),
	(158, 28, 80, 2),
	(159, 30, 92, 2),
	(160, 30, 62, 2),
	(161, 30, 60, 2),
	(162, 30, 56, 2),
	(163, 30, 54, 2),
	(164, 31, 47, 2),
	(165, 31, 67, 2),
	(166, 32, 9, 2),
	(167, 32, 57, 2),
	(168, 59, 96, 2),
	(169, 41, 76, 37),
	(170, 42, 76, 37),
	(171, 44, 68, 37),
	(172, 28, 99, 2),
	(173, 47, 45, 35),
	(174, 60, 100, 35),
	(175, 35, 50, 35),
	(176, 35, 50, 35),
	(177, 47, 59, 35),
	(178, 39, 65, 38),
	(179, 45, 52, 38),
	(180, 48, 45, 41),
	(181, 48, 65, 41),
	(182, 49, 45, 45),
	(183, 50, 45, 40),
	(184, 51, 45, 34),
	(185, 51, 55, 34),
	(186, 51, 59, 34),
	(187, 36, 50, 34),
	(188, 44, 64, 34),
	(189, 30, 66, 34),
	(190, 52, 61, 43),
	(191, 52, 45, 43),
	(192, 53, 45, 42),
	(193, 53, 65, 42),
	(194, 32, 90, 3),
	(195, 6, 79, 2),
	(196, 19, 101, 1);

-- Dumping structure for table inventory_v2.documents
DROP TABLE IF EXISTS `documents`;
CREATE TABLE IF NOT EXISTS `documents` (
  `documents_id` int NOT NULL AUTO_INCREMENT,
  `article_id` int NOT NULL,
  `path` varchar(255) CHARACTER SET utf8mb4 COLLATE utf8mb4_bin DEFAULT NULL,
  `document_number` int NOT NULL,
  `created_date` timestamp NULL DEFAULT CURRENT_TIMESTAMP,
  PRIMARY KEY (`documents_id`),
  KEY `article_id` (`article_id`),
  CONSTRAINT `documents_ibfk_1` FOREIGN KEY (`article_id`) REFERENCES `article` (`article_id`)
) ENGINE=InnoDB DEFAULT CHARSET=utf8mb4 COLLATE=utf8mb4_bin;

-- Dumping data for table inventory_v2.documents: ~378 rows (approximately)
INSERT INTO `documents` (`documents_id`, `article_id`, `path`, `document_number`, `created_date`) VALUES
	(1, 1, 'prenosnica1.docx', 1, '2023-10-31 18:30:46'),
	(2, 2, 'prenosnica2.docx', 2, '2023-10-31 18:31:22'),
	(3, 3, 'prenosnica3.docx', 3, '2023-10-31 18:31:43'),
	(4, 4, 'prenosnica4.docx', 4, '2023-10-31 18:32:01'),
	(5, 5, 'prenosnica5.docx', 5, '2023-10-31 18:32:20'),
	(6, 6, 'prenosnica6.docx', 6, '2023-10-31 18:34:27'),
	(7, 7, 'prenosnica7.docx', 7, '2023-10-31 22:09:55'),
	(8, 8, 'prenosnica8.docx', 8, '2023-10-31 22:10:17'),
	(9, 9, 'prenosnica9.docx', 9, '2023-10-31 22:10:32'),
	(10, 10, 'prenosnica10.docx', 10, '2023-10-31 22:10:52'),
	(11, 11, 'prenosnica11.docx', 11, '2023-10-31 22:11:06'),
	(12, 12, 'prenosnica12.docx', 12, '2023-10-31 22:13:21'),
	(13, 13, 'prenosnica13.docx', 13, '2023-10-31 22:13:50'),
	(14, 14, 'prenosnica14.docx', 14, '2023-10-31 22:14:02'),
	(15, 15, 'prenosnica15.docx', 15, '2023-10-31 22:14:21'),
	(16, 16, 'prenosnica16.docx', 16, '2023-10-31 22:14:34'),
	(17, 17, 'prenosnica17.docx', 17, '2023-10-31 22:14:50'),
	(18, 18, 'prenosnica18.docx', 18, '2023-10-31 22:15:05'),
	(19, 19, 'prenosnica19.docx', 19, '2023-10-31 22:15:25'),
	(20, 20, 'prenosnica20.docx', 20, '2023-10-31 22:15:43'),
	(21, 21, 'prenosnica21.docx', 21, '2023-10-31 22:29:19'),
	(22, 22, 'prenosnica22.docx', 22, '2023-10-31 22:29:35'),
	(23, 23, 'prenosnica23.docx', 23, '2023-10-31 22:29:56'),
	(24, 24, 'prenosnica24.docx', 24, '2023-10-31 22:30:11'),
	(25, 25, 'prenosnica25.docx', 25, '2023-11-03 23:24:45'),
	(26, 26, 'prenosnica26.docx', 26, '2023-11-03 23:27:08'),
	(27, 27, 'prenosnica27.docx', 27, '2023-11-03 23:29:05'),
	(28, 28, 'prenosnica28.docx', 28, '2023-11-03 23:29:34'),
	(29, 29, 'prenosnica29.docx', 29, '2023-11-03 23:30:31'),
	(30, 30, 'prenosnica30.docx', 30, '2023-11-03 23:30:58'),
	(31, 31, 'prenosnica31.docx', 31, '2023-11-03 23:31:35'),
	(32, 32, 'prenosnica32.docx', 32, '2023-11-03 23:32:25'),
	(33, 33, 'prenosnica33.docx', 33, '2023-11-03 23:41:11'),
	(34, 34, 'prenosnica34.docx', 34, '2023-11-03 23:41:30'),
	(35, 35, 'prenosnica35.docx', 35, '2023-11-03 23:42:12'),
	(36, 36, 'prenosnica36.docx', 36, '2023-11-03 23:42:39'),
	(37, 37, 'prenosnica37.docx', 37, '2023-11-03 23:42:58'),
	(38, 38, 'prenosnica38.docx', 38, '2023-11-03 23:43:30'),
	(39, 39, 'prenosnica39.docx', 39, '2023-11-03 23:43:54'),
	(40, 40, 'prenosnica40.docx', 40, '2023-11-03 23:44:37'),
	(41, 41, 'prenosnica41.docx', 41, '2023-11-03 23:46:33'),
	(42, 42, 'prenosnica42.docx', 42, '2023-11-03 23:47:02'),
	(43, 43, 'prenosnica43.docx', 43, '2023-11-03 23:47:29'),
	(44, 44, 'prenosnica44.docx', 44, '2023-11-03 23:47:52'),
	(45, 45, 'prenosnica45.docx', 45, '2023-11-03 23:48:14'),
	(46, 46, 'prenosnica46.docx', 46, '2023-11-03 23:48:31'),
	(47, 47, 'prenosnica47.docx', 47, '2023-11-03 23:48:58'),
	(48, 48, 'prenosnica48.docx', 48, '2023-11-03 23:49:21'),
	(49, 49, 'prenosnica49.docx', 49, '2023-11-03 23:49:47'),
	(50, 50, 'prenosnica50.docx', 50, '2023-11-03 23:50:24'),
	(51, 51, 'prenosnica51.docx', 51, '2023-11-03 23:52:40'),
	(52, 52, 'prenosnica52.docx', 52, '2023-11-03 23:52:57'),
	(53, 53, 'prenosnica53.docx', 53, '2023-11-03 23:53:13'),
	(54, 54, 'prenosnica54.docx', 54, '2023-11-03 23:54:56'),
	(55, 55, 'prenosnica55.docx', 55, '2023-11-03 23:55:16'),
	(56, 56, 'prenosnica56.docx', 56, '2023-11-03 23:55:38'),
	(57, 57, 'prenosnica57.docx', 57, '2023-11-03 23:56:03'),
	(58, 58, 'prenosnica58.docx', 58, '2023-11-05 16:07:39'),
	(59, 59, 'prenosnica59.docx', 59, '2023-11-05 16:07:58'),
	(60, 60, 'prenosnica60.docx', 60, '2023-11-05 16:08:16'),
	(61, 61, 'prenosnica61.docx', 61, '2023-11-05 16:08:33'),
	(62, 62, 'prenosnica62.docx', 62, '2023-11-05 16:08:55'),
	(63, 63, 'prenosnica63.docx', 63, '2023-11-05 16:09:16'),
	(64, 64, 'prenosnica64.docx', 64, '2023-11-05 16:09:36'),
	(65, 65, 'prenosnica65.docx', 65, '2023-11-05 16:09:56'),
	(66, 66, 'prenosnica66.docx', 66, '2023-11-05 16:20:12'),
	(67, 67, 'prenosnica67.docx', 67, '2023-11-05 16:24:54'),
	(68, 68, 'prenosnica68.docx', 68, '2023-11-05 16:25:13'),
	(69, 69, 'prenosnica69.docx', 69, '2023-11-05 16:25:29'),
	(70, 70, 'prenosnica70.docx', 70, '2023-11-05 16:25:45'),
	(71, 71, 'prenosnica71.docx', 71, '2023-11-05 16:26:01'),
	(72, 72, 'prenosnica72.docx', 72, '2023-11-05 16:26:53'),
	(73, 73, 'prenosnica73.docx', 73, '2023-11-05 16:27:12'),
	(74, 74, 'prenosnica74.docx', 74, '2023-11-05 16:27:28'),
	(75, 75, 'prenosnica75.docx', 75, '2023-11-07 18:17:08'),
	(76, 76, 'prenosnica76.docx', 76, '2023-11-08 16:18:52'),
	(77, 77, 'prenosnica77.docx', 77, '2023-11-08 16:21:23'),
	(78, 78, 'prenosnica78.docx', 78, '2023-11-08 16:21:51'),
	(79, 79, 'prenosnica79.docx', 79, '2023-11-08 16:24:04'),
	(80, 80, 'prenosnica80.docx', 80, '2023-11-08 16:24:51'),
	(81, 81, 'prenosnica81.docx', 81, '2023-11-08 16:30:56'),
	(82, 82, 'prenosnica82.docx', 82, '2023-11-08 16:31:15'),
	(83, 83, 'prenosnica83.docx', 83, '2023-11-08 16:31:34'),
	(84, 84, 'prenosnica84.docx', 84, '2023-11-08 16:32:02'),
	(85, 85, 'prenosnica85.docx', 85, '2023-11-08 16:32:35'),
	(86, 86, 'prenosnica86.docx', 86, '2023-11-08 16:33:51'),
	(87, 87, 'prenosnica87.docx', 87, '2023-11-08 16:34:23'),
	(88, 88, 'prenosnica88.docx', 88, '2023-11-08 16:34:57'),
	(89, 89, 'prenosnica89.docx', 89, '2023-11-08 16:38:28'),
	(90, 90, 'prenosnica90.docx', 90, '2023-11-08 16:45:11'),
	(91, 91, 'prenosnica91.docx', 91, '2023-11-08 16:55:37'),
	(92, 92, 'prenosnica92.docx', 92, '2023-11-08 16:55:58'),
	(93, 93, 'prenosnica93.docx', 93, '2023-11-08 16:56:15'),
	(94, 94, 'prenosnica94.docx', 94, '2023-11-08 16:56:31'),
	(95, 95, 'prenosnica95.docx', 95, '2023-11-08 16:56:45'),
	(96, 96, 'prenosnica96.docx', 96, '2023-11-08 16:57:01'),
	(97, 97, 'prenosnica97.docx', 97, '2023-11-08 16:57:20'),
	(98, 98, 'prenosnica98.docx', 98, '2023-11-08 16:57:38'),
	(99, 99, 'prenosnica99.docx', 99, '2023-11-08 17:16:50'),
	(100, 100, 'prenosnica100.docx', 100, '2023-11-08 17:17:07'),
	(101, 101, 'prenosnica101.docx', 101, '2023-11-08 17:19:56'),
	(102, 102, 'prenosnica102.docx', 102, '2023-11-08 17:24:01'),
	(103, 103, 'prenosnica103.docx', 103, '2023-11-08 17:25:03'),
	(104, 104, 'prenosnica104.docx', 104, '2023-11-08 17:26:11'),
	(105, 105, 'prenosnica105.docx', 105, '2023-11-08 17:26:54'),
	(106, 106, 'prenosnica106.docx', 106, '2023-11-08 17:27:06'),
	(107, 107, 'prenosnica107.docx', 107, '2023-11-08 17:28:00'),
	(108, 108, 'prenosnica108.docx', 108, '2023-11-08 17:29:14'),
	(109, 109, 'prenosnica109.docx', 109, '2023-11-08 17:29:29'),
	(110, 110, 'prenosnica110.docx', 110, '2023-11-08 17:29:58'),
	(111, 111, 'prenosnica111.docx', 111, '2023-11-08 17:30:22'),
	(112, 112, 'prenosnica112.docx', 112, '2023-11-08 17:30:33'),
	(113, 113, 'prenosnica113.docx', 113, '2023-11-08 17:30:53'),
	(114, 114, 'prenosnica114.docx', 114, '2023-11-08 17:31:36'),
	(115, 115, 'prenosnica115.docx', 115, '2023-11-08 17:31:57'),
	(116, 116, 'prenosnica116.docx', 116, '2023-11-08 17:32:28'),
	(117, 117, 'prenosnica117.docx', 117, '2023-11-08 17:32:45'),
	(118, 118, 'prenosnica118.docx', 118, '2023-11-08 17:33:12'),
	(119, 119, 'prenosnica119.docx', 119, '2023-11-08 17:33:28'),
	(120, 120, 'prenosnica120.docx', 120, '2023-11-08 17:33:49'),
	(121, 121, 'prenosnica121.docx', 121, '2023-11-08 17:37:19'),
	(122, 122, 'prenosnica122.docx', 122, '2023-11-08 17:37:34'),
	(123, 123, 'prenosnica123.docx', 123, '2023-11-08 17:38:45'),
	(124, 124, 'prenosnica124.docx', 124, '2023-11-08 17:38:58'),
	(125, 125, 'prenosnica125.docx', 125, '2023-11-08 17:39:08'),
	(126, 126, 'prenosnica126.docx', 126, '2023-11-08 17:39:19'),
	(127, 127, 'prenosnica127.docx', 127, '2023-11-08 17:39:59'),
	(128, 128, 'prenosnica128.docx', 128, '2023-11-08 17:41:20'),
	(129, 129, 'prenosnica129.docx', 129, '2023-11-08 17:41:41'),
	(130, 130, 'prenosnica130.docx', 130, '2023-11-08 17:41:59'),
	(131, 131, 'prenosnica131.docx', 131, '2023-11-08 17:42:25'),
	(132, 132, 'prenosnica132.docx', 132, '2023-11-08 17:42:45'),
	(133, 133, 'prenosnica133.docx', 133, '2023-11-08 17:49:13'),
	(134, 134, 'prenosnica134.docx', 134, '2023-11-08 17:49:37'),
	(135, 135, 'prenosnica135.docx', 135, '2023-11-08 17:49:50'),
	(136, 136, 'prenosnica136.docx', 136, '2023-11-08 17:50:00'),
	(137, 137, 'prenosnica137.docx', 137, '2023-11-08 17:50:13'),
	(138, 138, 'prenosnica138.docx', 138, '2023-11-08 17:50:26'),
	(139, 139, 'prenosnica139.docx', 139, '2023-11-08 17:50:40'),
	(140, 140, 'prenosnica140.docx', 140, '2023-11-08 17:50:50'),
	(141, 141, 'prenosnica141.docx', 141, '2023-11-08 17:50:59'),
	(142, 142, 'prenosnica142.docx', 142, '2023-11-08 17:51:11'),
	(143, 143, 'prenosnica143.docx', 143, '2023-11-08 17:51:22'),
	(144, 144, 'prenosnica144.docx', 144, '2023-11-08 17:51:33'),
	(145, 145, 'prenosnica145.docx', 145, '2023-11-08 17:51:45'),
	(146, 146, 'prenosnica146.docx', 146, '2023-11-08 17:51:58'),
	(147, 147, 'prenosnica147.docx', 147, '2023-11-08 17:52:28'),
	(148, 148, 'prenosnica148.docx', 148, '2023-11-08 17:52:38'),
	(149, 149, 'prenosnica149.docx', 149, '2023-11-08 17:52:51'),
	(150, 150, 'prenosnica150.docx', 150, '2023-11-08 17:53:01'),
	(151, 151, 'prenosnica151.docx', 151, '2023-11-08 17:55:41'),
	(152, 152, 'prenosnica152.docx', 152, '2023-11-08 17:57:46'),
	(153, 153, 'prenosnica153.docx', 153, '2023-11-08 17:58:35'),
	(154, 154, 'prenosnica154.docx', 154, '2023-11-08 17:58:53'),
	(155, 155, 'prenosnica155.docx', 155, '2023-11-08 17:59:15'),
	(156, 156, 'prenosnica156.docx', 156, '2023-11-08 18:00:03'),
	(157, 157, 'prenosnica157.docx', 157, '2023-11-08 18:04:37'),
	(158, 158, 'prenosnica158.docx', 158, '2023-11-08 18:04:49'),
	(159, 159, 'prenosnica159.docx', 159, '2023-11-08 18:05:06'),
	(160, 160, 'prenosnica160.docx', 160, '2023-11-08 18:05:17'),
	(161, 161, 'prenosnica161.docx', 161, '2023-11-08 18:05:28'),
	(162, 162, 'prenosnica162.docx', 162, '2023-11-08 18:05:38'),
	(163, 163, 'prenosnica163.docx', 163, '2023-11-08 18:05:49'),
	(164, 164, 'prenosnica164.docx', 164, '2023-11-08 18:06:01'),
	(165, 165, 'prenosnica165.docx', 165, '2023-11-08 18:06:16'),
	(166, 166, 'prenosnica166.docx', 166, '2023-11-08 18:06:27'),
	(167, 167, 'prenosnica167.docx', 167, '2023-11-08 18:09:00'),
	(168, 168, 'prenosnica168.docx', 168, '2023-11-08 18:09:36'),
	(169, 169, 'prenosnica169.docx', 169, '2023-11-08 18:10:01'),
	(170, 170, 'prenosnica170.docx', 170, '2023-11-08 18:10:22'),
	(171, 171, 'prenosnica171.docx', 171, '2023-11-08 18:10:39'),
	(172, 172, 'prenosnica172.docx', 172, '2023-11-08 18:11:02'),
	(173, 173, 'prenosnica173.docx', 173, '2023-11-08 18:15:39'),
	(174, 174, 'prenosnica174.docx', 174, '2023-11-08 18:15:52'),
	(175, 175, 'prenosnica175.docx', 175, '2023-11-08 18:16:06'),
	(176, 176, 'prenosnica176.docx', 176, '2023-11-08 18:16:18'),
	(177, 177, 'prenosnica177.docx', 177, '2023-11-08 18:16:28'),
	(178, 178, 'prenosnica178.docx', 178, '2023-11-08 18:23:01'),
	(179, 179, 'prenosnica179.docx', 179, '2023-11-08 18:23:14'),
	(180, 180, 'prenosnica180.docx', 180, '2023-11-08 18:42:02'),
	(181, 181, 'prenosnica181.docx', 181, '2023-11-08 18:42:14'),
	(182, 182, 'prenosnica182.docx', 182, '2023-11-08 18:42:24'),
	(183, 183, 'prenosnica183.docx', 183, '2023-11-08 18:42:42'),
	(184, 184, 'prenosnica184.docx', 184, '2023-11-08 18:42:54'),
	(185, 185, 'prenosnica185.docx', 185, '2023-11-08 18:43:09'),
	(186, 186, 'prenosnica186.docx', 186, '2023-11-08 18:43:22'),
	(187, 187, 'prenosnica187.docx', 187, '2023-11-08 18:43:43'),
	(188, 188, 'prenosnica188.docx', 188, '2023-11-08 18:44:29'),
	(189, 189, 'prenosnica189.docx', 189, '2023-11-08 18:44:41'),
	(190, 190, 'prenosnica190.docx', 190, '2023-11-08 18:45:15'),
	(191, 191, 'prenosnica191.docx', 191, '2023-11-08 18:45:26'),
	(192, 192, 'prenosnica192.docx', 192, '2023-11-08 18:45:38'),
	(193, 193, 'prenosnica193.docx', 193, '2023-11-08 18:45:53'),
	(194, 194, 'prenosnica194.docx', 194, '2023-11-08 18:46:03'),
	(195, 195, 'prenosnica195.docx', 195, '2023-11-08 18:46:20'),
	(196, 196, 'prenosnica196.docx', 196, '2023-11-08 18:47:45'),
	(197, 197, 'prenosnica197.docx', 197, '2023-11-08 18:48:56'),
	(198, 198, 'prenosnica198.docx', 198, '2023-11-08 18:49:06'),
	(199, 199, 'prenosnica199.docx', 199, '2023-11-08 18:49:18'),
	(200, 200, 'prenosnica200.docx', 200, '2023-11-08 18:49:29'),
	(201, 201, 'prenosnica201.docx', 201, '2023-11-08 18:49:39'),
	(202, 202, 'prenosnica202.docx', 202, '2023-11-08 18:49:57'),
	(203, 203, 'prenosnica203.docx', 203, '2023-11-08 18:50:06'),
	(204, 204, 'prenosnica204.docx', 204, '2023-11-08 18:50:33'),
	(205, 205, 'prenosnica205.docx', 205, '2023-11-08 18:50:50'),
	(206, 206, 'prenosnica206.docx', 206, '2023-11-08 18:51:03'),
	(207, 207, 'prenosnica207.docx', 207, '2023-11-08 18:51:13'),
	(208, 208, 'prenosnica208.docx', 208, '2023-11-08 18:51:34'),
	(209, 209, 'prenosnica209.docx', 209, '2023-11-08 18:52:06'),
	(210, 210, 'prenosnica210.docx', 210, '2023-11-08 18:52:18'),
	(211, 211, 'prenosnica211.docx', 211, '2023-11-08 18:54:09'),
	(212, 212, 'prenosnica212.docx', 212, '2023-11-08 18:54:19'),
	(213, 213, 'prenosnica213.docx', 213, '2023-11-08 18:55:20'),
	(214, 214, 'prenosnica214.docx', 214, '2023-11-08 18:56:15'),
	(215, 215, 'prenosnica215.docx', 215, '2023-11-08 18:57:24'),
	(216, 216, 'prenosnica216.docx', 216, '2023-11-08 18:57:34'),
	(217, 217, 'prenosnica217.docx', 217, '2023-11-08 18:57:56'),
	(218, 218, 'prenosnica218.docx', 218, '2023-11-08 18:58:07'),
	(219, 219, 'prenosnica219.docx', 219, '2023-11-08 18:58:18'),
	(220, 220, 'prenosnica220.docx', 220, '2023-11-08 18:58:28'),
	(221, 221, 'prenosnica221.docx', 221, '2023-11-08 18:58:38'),
	(222, 222, 'prenosnica222.docx', 222, '2023-11-08 18:58:50'),
	(223, 223, 'prenosnica223.docx', 223, '2023-11-08 18:59:14'),
	(224, 224, 'prenosnica224.docx', 224, '2023-11-08 18:59:24'),
	(225, 225, 'prenosnica225.docx', 225, '2023-11-08 18:59:34'),
	(226, 226, 'prenosnica226.docx', 226, '2023-11-08 18:59:44'),
	(227, 227, 'prenosnica227.docx', 227, '2023-11-08 18:59:53'),
	(228, 228, 'prenosnica228.docx', 228, '2023-11-08 19:00:06'),
	(229, 229, 'prenosnica229.docx', 229, '2023-11-08 19:00:17'),
	(230, 230, 'prenosnica230.docx', 230, '2023-11-08 19:00:30'),
	(231, 231, 'prenosnica231.docx', 231, '2023-11-08 19:00:54'),
	(232, 232, 'prenosnica232.docx', 232, '2023-11-08 19:01:12'),
	(233, 233, 'prenosnica233.docx', 233, '2023-11-08 19:01:30'),
	(234, 234, 'prenosnica234.docx', 234, '2023-11-08 19:01:40'),
	(235, 235, 'prenosnica235.docx', 235, '2023-11-08 19:02:08'),
	(236, 236, 'prenosnica236.docx', 236, '2023-11-08 19:02:18'),
	(237, 237, 'prenosnica237.docx', 237, '2023-11-08 19:03:16'),
	(238, 238, 'prenosnica238.docx', 238, '2023-11-08 19:03:30'),
	(239, 239, 'prenosnica239.docx', 239, '2023-11-08 19:04:12'),
	(240, 240, 'prenosnica240.docx', 240, '2023-11-08 19:04:28'),
	(241, 241, 'prenosnica241.docx', 241, '2023-11-08 19:04:44'),
	(242, 242, 'prenosnica242.docx', 242, '2023-11-08 19:04:57'),
	(243, 243, 'prenosnica243.docx', 243, '2023-11-08 19:05:10'),
	(244, 244, 'prenosnica244.docx', 244, '2023-11-08 19:05:34'),
	(245, 245, 'prenosnica245.docx', 245, '2023-11-08 19:05:44'),
	(246, 246, 'prenosnica246.docx', 246, '2023-11-08 19:05:55'),
	(247, 247, 'prenosnica247.docx', 247, '2023-11-08 19:06:09'),
	(248, 248, 'prenosnica248.docx', 248, '2023-11-08 19:06:23'),
	(249, 249, 'prenosnica249.docx', 249, '2023-11-08 19:06:36'),
	(250, 250, 'prenosnica250.docx', 250, '2023-11-08 19:06:47'),
	(251, 251, 'prenosnica251.docx', 251, '2023-11-08 19:07:49'),
	(252, 252, 'prenosnica252.docx', 252, '2023-11-08 21:12:08'),
	(253, 253, 'prenosnica253.docx', 253, '2023-11-08 21:12:20'),
	(254, 254, 'prenosnica254.docx', 254, '2023-11-08 21:12:38'),
	(255, 255, 'prenosnica255.docx', 255, '2023-11-08 21:13:49'),
	(256, 256, 'prenosnica256.docx', 256, '2023-11-08 21:14:17'),
	(257, 257, 'prenosnica257.docx', 257, '2023-11-08 21:14:38'),
	(258, 258, 'prenosnica258.docx', 258, '2023-11-08 21:14:53'),
	(259, 259, 'prenosnica259.docx', 259, '2023-11-08 21:15:11'),
	(260, 260, 'prenosnica260.docx', 260, '2023-11-08 21:17:27'),
	(261, 261, 'prenosnica261.docx', 261, '2023-11-08 21:18:31'),
	(262, 262, 'prenosnica262.docx', 262, '2023-11-08 21:18:42'),
	(263, 263, 'prenosnica263.docx', 263, '2023-11-08 21:18:52'),
	(264, 264, 'prenosnica264.docx', 264, '2023-11-08 21:19:02'),
	(265, 265, 'prenosnica265.docx', 265, '2023-11-08 21:19:23'),
	(266, 266, 'prenosnica266.docx', 266, '2023-11-08 21:19:32'),
	(267, 267, 'prenosnica267.docx', 267, '2023-11-08 21:21:02'),
	(268, 268, 'prenosnica268.docx', 268, '2023-11-08 21:21:23'),
	(269, 269, 'prenosnica269.docx', 269, '2023-11-08 21:21:34'),
	(270, 270, 'prenosnica270.docx', 270, '2023-11-08 21:21:54'),
	(271, 271, 'prenosnica271.docx', 271, '2023-11-08 21:22:43'),
	(272, 272, 'prenosnica272.docx', 272, '2023-11-08 21:22:54'),
	(273, 273, 'prenosnica273.docx', 273, '2023-11-08 21:23:09'),
	(274, 274, 'prenosnica274.docx', 274, '2023-11-08 21:25:52'),
	(275, 275, 'prenosnica275.docx', 275, '2023-11-08 21:26:02'),
	(276, 276, 'prenosnica276.docx', 276, '2023-11-08 21:26:21'),
	(277, 277, 'prenosnica277.docx', 277, '2023-11-08 21:26:32'),
	(278, 278, 'prenosnica278.docx', 278, '2023-11-08 21:27:33'),
	(279, 279, 'prenosnica279.docx', 279, '2023-11-08 21:28:33'),
	(280, 280, 'prenosnica280.docx', 280, '2023-11-08 21:29:25'),
	(281, 281, 'prenosnica281.docx', 281, '2023-11-08 21:30:25'),
	(282, 282, 'prenosnica282.docx', 282, '2023-11-08 21:30:37'),
	(283, 283, 'prenosnica283.docx', 283, '2023-11-08 21:30:47'),
	(284, 284, 'prenosnica284.docx', 284, '2023-11-08 21:31:02'),
	(285, 285, 'prenosnica285.docx', 285, '2023-11-08 21:31:15'),
	(286, 286, 'prenosnica286.docx', 286, '2023-11-08 21:31:28'),
	(287, 287, 'prenosnica287.docx', 287, '2023-11-08 21:32:38'),
	(288, 288, 'prenosnica288.docx', 288, '2023-11-08 21:32:49'),
	(289, 289, 'prenosnica289.docx', 289, '2023-11-08 21:33:40'),
	(290, 290, 'prenosnica290.docx', 290, '2023-11-08 21:34:02'),
	(291, 291, 'prenosnica291.docx', 291, '2023-11-08 21:34:12'),
	(292, 292, 'prenosnica292.docx', 292, '2023-11-08 21:34:30'),
	(293, 293, 'prenosnica293.docx', 293, '2023-11-08 21:34:48'),
	(294, 294, 'prenosnica294.docx', 294, '2023-11-08 21:35:04'),
	(295, 295, 'prenosnica295.docx', 295, '2023-11-08 21:36:08'),
	(296, 296, 'prenosnica296.docx', 296, '2023-11-08 21:36:20'),
	(297, 297, 'prenosnica297.docx', 297, '2023-11-08 21:36:31'),
	(298, 298, 'prenosnica298.docx', 298, '2023-11-08 21:36:41'),
	(299, 299, 'prenosnica299.docx', 299, '2023-11-08 21:36:50'),
	(300, 300, 'prenosnica300.docx', 300, '2023-11-08 21:37:01'),
	(301, 301, 'prenosnica301.docx', 301, '2023-11-08 21:37:42'),
	(302, 302, 'prenosnica302.docx', 302, '2023-11-08 21:38:30'),
	(303, 303, 'prenosnica303.docx', 303, '2023-11-08 21:38:40'),
	(304, 304, 'prenosnica304.docx', 304, '2023-11-08 21:38:52'),
	(305, 305, 'prenosnica305.docx', 305, '2023-11-08 21:41:02'),
	(306, 306, 'prenosnica306.docx', 306, '2023-11-08 21:46:00'),
	(307, 307, 'prenosnica307.docx', 307, '2023-11-08 21:46:27'),
	(308, 308, 'prenosnica308.docx', 308, '2023-11-08 21:46:52'),
	(309, 309, 'prenosnica309.docx', 309, '2023-11-08 21:47:04'),
	(310, 310, 'prenosnica310.docx', 310, '2023-11-08 21:47:14'),
	(311, 311, 'prenosnica311.docx', 311, '2023-11-08 21:47:25'),
	(312, 312, 'prenosnica312.docx', 312, '2023-11-08 21:47:36'),
	(313, 313, 'prenosnica313.docx', 313, '2023-11-08 21:48:06'),
	(314, 314, 'prenosnica314.docx', 314, '2023-11-08 21:48:39'),
	(315, 315, 'prenosnica315.docx', 315, '2023-11-08 21:49:01'),
	(316, 316, 'prenosnica316.docx', 316, '2023-11-08 21:49:14'),
	(317, 317, 'prenosnica317.docx', 317, '2023-11-08 21:49:23'),
	(318, 318, 'prenosnica318.docx', 318, '2023-11-08 21:50:03'),
	(319, 319, 'prenosnica319.docx', 319, '2023-11-08 21:50:29'),
	(320, 320, 'prenosnica320.docx', 320, '2023-11-08 21:51:06'),
	(321, 321, 'prenosnica321.docx', 321, '2023-11-08 21:51:19'),
	(322, 322, 'prenosnica322.docx', 322, '2023-11-08 21:51:29'),
	(323, 323, 'prenosnica323.docx', 323, '2023-11-08 21:52:57'),
	(324, 324, 'prenosnica324.docx', 324, '2023-11-08 21:53:08'),
	(325, 325, 'prenosnica325.docx', 325, '2023-11-08 21:53:34'),
	(326, 326, 'prenosnica326.docx', 326, '2023-11-08 21:53:44'),
	(327, 327, 'prenosnica327.docx', 327, '2023-11-08 21:53:54'),
	(328, 328, 'prenosnica328.docx', 328, '2023-11-08 21:54:06'),
	(329, 329, 'prenosnica329.docx', 329, '2023-11-08 21:54:31'),
	(330, 330, 'prenosnica330.docx', 330, '2023-11-08 21:54:42'),
	(331, 331, 'prenosnica331.docx', 331, '2023-11-08 21:54:52'),
	(332, 332, 'prenosnica332.docx', 332, '2023-11-08 21:55:01'),
	(333, 333, 'prenosnica333.docx', 333, '2023-11-08 21:55:48'),
	(334, 334, 'prenosnica334.docx', 334, '2023-11-08 21:56:13'),
	(335, 335, 'prenosnica335.docx', 335, '2023-11-08 21:56:34'),
	(336, 336, 'prenosnica336.docx', 336, '2023-11-08 21:56:47'),
	(337, 337, 'prenosnica337.docx', 337, '2023-11-08 21:57:08'),
	(338, 338, 'prenosnica338.docx', 338, '2023-11-08 21:57:38'),
	(339, 339, 'prenosnica339.docx', 339, '2023-11-08 21:58:09'),
	(340, 340, 'prenosnica340.docx', 340, '2023-11-08 21:58:31'),
	(341, 341, 'prenosnica341.docx', 341, '2023-11-08 22:07:33'),
	(342, 342, 'prenosnica342.docx', 342, '2023-11-08 22:07:44'),
	(343, 343, 'prenosnica343.docx', 343, '2023-11-08 22:07:55'),
	(344, 344, 'prenosnica344.docx', 344, '2023-11-08 22:08:06'),
	(345, 345, 'prenosnica345.docx', 345, '2023-11-08 22:08:16'),
	(346, 346, 'prenosnica346.docx', 346, '2023-11-08 22:08:26'),
	(347, 347, 'prenosnica347.docx', 347, '2023-11-08 22:08:36'),
	(348, 348, 'prenosnica348.docx', 348, '2023-11-08 22:08:59'),
	(349, 349, 'prenosnica349.docx', 349, '2023-11-08 22:09:10'),
	(350, 350, 'prenosnica350.docx', 350, '2023-11-08 22:09:19'),
	(351, 351, 'prenosnica351.docx', 351, '2023-11-08 22:09:28'),
	(352, 352, 'prenosnica352.docx', 352, '2023-11-08 22:09:37'),
	(353, 353, 'prenosnica353.docx', 353, '2023-11-08 22:10:07'),
	(354, 354, 'prenosnica354.docx', 354, '2023-11-08 22:10:16'),
	(355, 355, 'prenosnica355.docx', 355, '2023-11-08 22:10:35'),
	(356, 356, 'prenosnica356.docx', 356, '2023-11-08 22:10:53'),
	(357, 357, 'prenosnica357.docx', 357, '2023-11-08 22:11:02'),
	(358, 358, 'prenosnica358.docx', 358, '2023-11-08 22:11:21'),
	(359, 359, 'prenosnica359.docx', 359, '2023-11-08 22:11:33'),
	(360, 360, 'prenosnica360.docx', 360, '2023-11-08 22:11:49'),
	(361, 361, 'prenosnica361.docx', 361, '2023-11-08 22:12:14'),
	(362, 362, 'prenosnica362.docx', 362, '2023-11-08 22:12:24'),
	(363, 363, 'prenosnica363.docx', 363, '2023-11-08 22:12:42'),
	(364, 364, 'prenosnica364.docx', 364, '2023-11-08 22:12:53'),
	(365, 365, 'prenosnica365.docx', 365, '2023-11-08 22:13:12'),
	(366, 366, 'prenosnica366.docx', 366, '2023-11-08 22:13:23'),
	(367, 367, 'prenosnica367.docx', 367, '2023-11-08 22:13:34'),
	(368, 368, 'prenosnica368.docx', 368, '2023-11-08 22:13:57'),
	(369, 369, 'prenosnica369.docx', 369, '2023-11-08 22:17:15'),
	(370, 370, 'prenosnica370.docx', 370, '2023-11-08 22:17:26'),
	(371, 371, 'prenosnica371.docx', 371, '2023-11-08 22:17:37'),
	(372, 372, 'prenosnica372.docx', 372, '2023-11-08 22:18:59'),
	(373, 373, 'prenosnica373.docx', 373, '2023-11-08 22:20:18'),
	(374, 374, 'prenosnica374.docx', 374, '2023-11-08 22:20:33'),
	(375, 375, 'prenosnica375.docx', 375, '2023-11-08 22:20:43'),
	(376, 376, 'prenosnica376.docx', 376, '2023-11-08 22:20:58'),
	(377, 377, 'prenosnica377.docx', 377, '2023-11-08 22:21:10'),
	(378, 378, 'prenosnica378.docx', 378, '2023-11-09 07:11:30'),
	(384, 254, 'prenosnica384.docx', 384, '2023-11-09 13:45:43'),
	(385, 254, 'prenosnica385.docx', 385, '2023-11-09 13:50:08'),
	(386, 379, 'prenosnica386.docx', 386, '2023-11-09 13:53:14'),
	(387, 380, 'prenosnica387.docx', 387, '2023-11-09 13:53:26'),
	(388, 381, 'prenosnica388.docx', 388, '2023-11-09 13:53:36'),
	(389, 382, 'prenosnica389.docx', 389, '2023-11-09 13:53:50'),
	(390, 383, 'prenosnica390.docx', 390, '2023-11-09 13:54:20'),
	(391, 384, 'prenosnica391.docx', 391, '2023-11-09 13:55:13'),
	(392, 385, 'prenosnica392.docx', 392, '2023-11-09 13:55:24'),
	(393, 386, 'prenosnica393.docx', 393, '2023-11-09 13:55:43'),
	(394, 387, 'prenosnica394.docx', 394, '2023-11-09 13:56:02'),
	(395, 388, 'prenosnica395.docx', 395, '2023-11-09 13:56:13'),
	(397, 390, 'prenosnica397.docx', 397, '2023-11-09 13:56:34'),
	(398, 391, 'prenosnica398.docx', 398, '2023-11-09 13:56:44'),
	(399, 392, 'prenosnica399.docx', 399, '2023-11-09 13:56:54'),
	(400, 393, 'prenosnica400.docx', 400, '2023-11-09 13:57:06'),
	(401, 394, 'prenosnica401.docx', 401, '2023-11-09 13:57:17'),
	(402, 395, 'prenosnica402.docx', 402, '2023-11-09 13:57:28'),
	(403, 396, 'prenosnica403.docx', 403, '2023-11-09 13:57:38'),
	(404, 397, 'prenosnica404.docx', 404, '2023-11-09 13:57:57'),
	(405, 398, 'prenosnica405.docx', 405, '2023-11-09 14:05:20'),
	(406, 399, 'prenosnica406.docx', 406, '2023-11-09 14:05:32'),
	(407, 400, 'prenosnica407.docx', 407, '2023-11-09 14:05:45'),
	(408, 401, 'prenosnica408.docx', 408, '2023-11-09 14:06:07'),
	(409, 27, 'prenosnica409.docx', 409, '2023-11-09 14:07:43'),
	(410, 26, 'prenosnica410.docx', 410, '2023-11-09 14:09:03'),
	(411, 402, 'prenosnica411.docx', 411, '2023-11-09 14:09:55'),
	(412, 403, 'prenosnica412.docx', 412, '2023-11-09 14:10:15'),
	(413, 404, 'prenosnica413.docx', 413, '2023-11-09 14:10:33'),
	(414, 405, 'prenosnica414.docx', 414, '2023-11-09 14:24:43'),
	(415, 406, 'prenosnica415.docx', 415, '2023-11-09 14:25:11'),
	(416, 407, 'prenosnica416.docx', 416, '2023-11-09 14:25:41'),
	(417, 408, 'prenosnica417.docx', 417, '2023-11-09 14:25:56'),
	(418, 409, 'prenosnica418.docx', 418, '2023-11-09 14:26:06'),
	(419, 410, 'prenosnica419.docx', 419, '2023-11-09 14:26:17'),
	(420, 411, 'prenosnica420.docx', 420, '2023-11-09 14:26:29'),
	(421, 412, 'prenosnica421.docx', 421, '2023-11-09 14:28:22'),
	(422, 413, 'prenosnica422.docx', 422, '2023-11-09 14:28:33'),
	(423, 414, 'prenosnica423.docx', 423, '2023-11-09 14:28:41'),
	(424, 415, 'prenosnica424.docx', 424, '2023-11-09 14:31:01'),
	(425, 416, 'prenosnica425.docx', 425, '2023-11-09 14:31:12'),
	(426, 417, 'prenosnica426.docx', 426, '2023-11-09 14:31:25'),
	(427, 418, 'prenosnica427.docx', 427, '2023-11-09 14:33:49'),
	(428, 419, 'prenosnica428.docx', 428, '2023-11-09 14:34:00'),
	(429, 420, 'prenosnica429.docx', 429, '2023-11-09 14:34:09'),
	(430, 421, 'prenosnica430.docx', 430, '2023-11-09 14:34:19'),
	(431, 422, 'prenosnica431.docx', 431, '2023-11-09 14:34:31'),
	(432, 423, 'prenosnica432.docx', 432, '2023-11-09 14:34:41'),
	(433, 424, 'prenosnica433.docx', 433, '2023-11-09 14:34:52'),
	(434, 425, 'prenosnica434.docx', 434, '2023-11-09 14:35:02'),
	(435, 426, 'prenosnica435.docx', 435, '2023-11-09 14:35:12'),
	(436, 427, 'prenosnica436.docx', 436, '2023-11-09 14:35:21'),
	(437, 428, 'prenosnica437.docx', 437, '2023-11-09 14:35:30'),
	(438, 429, 'prenosnica438.docx', 438, '2023-11-09 14:35:41'),
	(439, 430, 'prenosnica439.docx', 439, '2023-11-09 14:35:52'),
	(440, 259, 'prenosnica440.docx', 440, '2023-11-09 14:40:03'),
	(441, 259, 'prenosnica441.docx', 441, '2023-11-09 14:50:13');

-- Dumping structure for table inventory_v2.feature
DROP TABLE IF EXISTS `feature`;
CREATE TABLE IF NOT EXISTS `feature` (
  `feature_id` int NOT NULL AUTO_INCREMENT,
  `name` varchar(255) CHARACTER SET utf8mb4 COLLATE utf8mb4_bin NOT NULL,
  `category_id` int NOT NULL,
  PRIMARY KEY (`feature_id`),
  KEY `category_id` (`category_id`),
  CONSTRAINT `feature_ibfk_1` FOREIGN KEY (`category_id`) REFERENCES `category` (`category_id`)
) ENGINE=InnoDB DEFAULT CHARSET=utf8mb4 COLLATE=utf8mb4_bin;

-- Dumping data for table inventory_v2.feature: ~25 rows (approximately)
INSERT INTO `feature` (`feature_id`, `name`, `category_id`) VALUES
	(8, 'Kapacitet', 3),
	(9, 'Tip', 3),
	(10, 'Tip', 2),
	(11, 'CPU', 2),
	(13, 'RAM', 2),
	(14, 'Memorija', 2),
	(16, 'MAC', 2),
	(17, 'Vrsta prikaza', 4),
	(19, 'Rezolucija', 4),
	(20, 'Omjer kontrasta', 4),
	(21, 'Svjetlina', 4),
	(22, 'Visina piksela', 4),
	(23, 'Konektori', 4),
	(24, 'Rezolucija slike', 4),
	(47, 'Tip', 7),
	(48, 'Proizvo?a?', 6),
	(49, 'DPI', 8),
	(50, 'Tip', 8),
	(51, 'IP Adresa', 2),
	(52, 'Odziv na sliku', 4),
	(53, 'Vidni ugao', 4),
	(54, 'Boje', 4),
	(56, 'Montaža', 4),
	(57, 'Ergonomija', 4),
	(58, 'Energetska efikasnost', 4);

-- Dumping structure for table inventory_v2.job
DROP TABLE IF EXISTS `job`;
CREATE TABLE IF NOT EXISTS `job` (
  `job_id` int NOT NULL AUTO_INCREMENT,
  `title` varchar(255) CHARACTER SET utf8mb4 COLLATE utf8mb4_bin NOT NULL,
  `description` text CHARACTER SET utf8mb4 COLLATE utf8mb4_bin,
  `job_code` varchar(50) CHARACTER SET utf8mb4 COLLATE utf8mb4_bin DEFAULT NULL,
  PRIMARY KEY (`job_id`)
) ENGINE=InnoDB DEFAULT CHARSET=utf8mb4 COLLATE=utf8mb4_bin;

-- Dumping data for table inventory_v2.job: ~91 rows (approximately)
INSERT INTO `job` (`job_id`, `title`, `description`, `job_code`) VALUES
	(2, 'Tehničar za IKT **', 'Tehničar za IKT ** Zenica', '936545'),
	(6, 'Koordinator za GIS', 'Koordinator za GIS', 'undefined'),
	(7, 'Projekt menadžer', 'Projekt menadžer', 'undefined'),
	(8, 'Rukovodilac sektora', 'Rukovodilac sektora', 'undefined'),
	(9, 'Rukovodilac službe', 'Rukovodilac službe', 'undefined'),
	(10, 'Referent za pripremu investicija', '', ''),
	(11, 'Stručni saradnik za pripremu investicija', '', ''),
	(12, 'Direktor', 'Direktor podružnice ED Zenica', ''),
	(13, 'Tehnički direktor', 'Tehnički direktor podružnice ED Zenica', ''),
	(14, 'Tehnički sekretar', 'Tehnički sekretar Ureda Direktora', ''),
	(15, 'Pomoćnik direktora', 'Pomoćnik direktora ED Zenica', ''),
	(16, 'Samostalni referent za kontrolu**', '', ''),
	(17, 'Referent za odnose sa javnošću i informisanje kupaca', '', ''),
	(18, 'Stručni saradnik za zaštitu zdravlja i sigurnost na radu', 'Stručni saradnik za zaštitu zdravlja i sigurnost na radu', ''),
	(19, 'Stručni saradnik za okolinsko upravljanje', 'Stručni saradnik za okolinsko upravljanje', ''),
	(20, 'Stručni saradnik za sigurnost, protivpožarnu zaštitu i spašavanje', 'Stručni saradnik za sigurnost, protivpožarnu zaštitu i spašavanje', ''),
	(21, 'Projektant', '', ''),
	(22, 'Inženjer za građevinski nadzor', 'Inženjer za građevinski nadzor', ''),
	(23, 'Stručni saradnik za priključenja', 'Stručni saradnik za priključenja', ''),
	(24, 'Stručni saradnik za priključenja - rang 1', 'Stručni saradnik za priključenja - rang 1', ''),
	(25, 'Stručni saradnik za realizaciju investicija', 'Stručni saradnik za realizaciju investicija', ''),
	(26, 'Referent za investicije', 'Referent za investicije', ''),
	(27, 'Referent za priključenja', 'Referent za priključenja', ''),
	(28, 'Stručni saradnik za rješavanje imovinsko-pravnih odnosa u procesu realizacije investicija,rang 3', 'Stručni saradnik za rješavanje imovinsko-pravnih odnosa u procesu realizacije investicija,rang 3', ''),
	(29, 'Stručni sradanik za rješavanje imovinsko pravnih odnosa u procesu realizacije investicija', 'Stručni sradanik za rješavanje imovinsko pravnih odnosa u procesu realizacije investicija', ''),
	(30, 'Stručni saradnik za stvarna prava na postojećoj imovini, Rang 1', 'Stručni saradnik za stvarna  prava na postojećoj imovini, Rang 1', ''),
	(31, 'Inženjer za pristup mreži, rang 2', 'Inženjer za pristup mreži, rang 2', ''),
	(32, 'Inženjer za pristup mreži', 'Inženjer za pristup mreži', ''),
	(33, 'Dispečer za srednji i niski napon', 'Dispečer za srednji i niski napon', ''),
	(34, 'Glavni dispečer', 'Glavni dispečer', ''),
	(35, 'Inženjer za zaštitu i kvalitet električne energije', 'Inženjer za zaštitu i kvalitet električne energije', ''),
	(36, 'Vodeći elektromehaničar *', 'Vodeći elektromehaničar *', ''),
	(37, 'Tehničar za ispitivanja **', 'Tehničar za ispitivanja **', ''),
	(39, 'Samostalni referent nabavke*', 'Samostalni referent nabavke*', ''),
	(40, 'Stručni saradnik za nabavku i ugovaranje', 'Stručni saradnik za nabavku i ugovaranje', ''),
	(41, 'Vodeći skladištar**', 'Vodeći skladištar**', ''),
	(42, 'Vodeći skladištar', 'Vodeći skladištar', ''),
	(43, 'Referent za računovodstvo**', 'Referent za računovodstvo**', ''),
	(44, 'Stručni saradnik za održavanje IKT servis i infrastrukture', 'Stručni saradnik za održavanje IKT servis i infrastrukture', ''),
	(45, 'Rukovodilac Poslovne Jedinice', '', ''),
	(46, 'Stručni saradnik za planiranje i izvještavanje', '', ''),
	(47, 'Vodeći referent za naplatu i utuženja*', '', ''),
	(48, 'Stručni suradnik za finansijske i računovodstvene poslove', 'Stručni suradnik za finansijske i računovodstvene poslove', 'undefined'),
	(49, 'Vodeći referent za analitičke evidencije', 'Vodeći referent za analitičke evidencije', ''),
	(50, 'Vodeći elektromonter', 'Vodeći elektromonter\n', ''),
	(51, 'Elektromonter**', 'Elektromonter**', ''),
	(52, 'Elektromonter', 'Elektromonter', ''),
	(53, 'Referent za prikupljanje i obradu mjerni', 'Referent za prikupljanje i obradu mjerni', ''),
	(54, 'Referent za naplatu i utuženja*', 'Referent za naplatu i utuženja*', ''),
	(55, 'Referent za ekonomske i opće poslove', 'Referent za ekonomske i opće poslove', ''),
	(56, 'Referent za analitičke evidencije**', 'Referent za analitičke evidencije**', ''),
	(57, 'Samostalni referent za analitičke evid*', 'Samostalni referent za analitičke evidencije *', ''),
	(58, 'Samostalni tehničar za pristup mreži *', 'Samostalni tehničar za pristup mreži *', ''),
	(59, 'Inženjer za priključenja*', 'Inženjer za priključenja*', ''),
	(60, 'Referent za obračun*', 'Referent za obračun*', ''),
	(61, 'Tehničar za pristup mreži', 'Tehničar za pristup mreži', ''),
	(62, 'Samostalni referent za obračun*', 'Samostalni referent za obračun*', ''),
	(63, 'Stručni saradnik za planiranje i održavanje', 'Stručni saradnik za planiranje i održavanje', ''),
	(64, 'Referent za pripremu**', 'Referent za pripremu**', ''),
	(65, 'Referent za pripremu', 'Referent za pripremu', ''),
	(66, 'Vodeći referent za obračun*', 'Vodeći referent za obračun*', ''),
	(67, 'Samostalni referent za naplatu i utuženja*', 'Samostalni referent za naplatu i utuženja*', ''),
	(68, 'Vodeći elektromonter**', 'Vodeći elektromonter**', ''),
	(69, 'Dispečer za srednji i niski napon*', 'Dispečer za srednji i niski napon*', ''),
	(71, 'Inženjer za mreže i postrojenja', 'Inženjer za mreže i postrojenja', ''),
	(72, 'Mašinista hidromehaničke opreme', 'Mašinista hidromehaničke opreme', ''),
	(73, 'Referent za odnose sa javnošću i komunikacije', 'Referent za odnose sa javnošću i komunikacije', ''),
	(74, 'Stručni saradnik za  prikupljanje i obradu MM', 'Stručni saradnik za  prikupljanje i obradu mjernih mjesta', ''),
	(76, 'Tehničar za pripremu', 'Tehničar za pripremu', ''),
	(77, 'Vodeći automehaničar-kontrolor *', 'Vodeći automehaničar-kontrolor *', ''),
	(79, 'Inženjer za nadzor i investicije', 'Inženjer za nadzor i investicije', ''),
	(80, 'Referent općih poslova **', 'Referent općih poslova **', ''),
	(81, 'Referent za finansije', 'Referent za finansije', ''),
	(82, 'Referent za kadrovske poslove', 'Referent za kadrovske poslove', ''),
	(83, 'Referent za upravno-administrativne poslove', 'Referent za upravno-administrativne poslove', ''),
	(84, 'Rukovodilac područja', 'Rukovodilac područja', ''),
	(85, 'Voditelj protokola', 'Voditelj protokola', ''),
	(86, 'Vodeći referent za računovodstvo *', 'Vodeći referent za računovodstvo *', ''),
	(87, 'Vodeći referent općih poslova*', 'Vodeći referent općih poslova*', ''),
	(88, 'Vođa smjene', 'Vođa smjene', ''),
	(89, 'Stručni saradnik za priključenja **', 'Stručni saradnik za priključenja **', ''),
	(90, 'Stručni saradnik za analitičke evidencije', 'Stručni saradnik za analitičke evidencije', ''),
	(91, 'Stručni saradnik za naplatu i utuženja', 'Stručni saradnik za naplatu i utuženja', ''),
	(92, 'Stručni saradnik za obračun i realizaciju', 'Stručni saradnik za obračun i realizaciju', ''),
	(93, 'Stručni saradnik za planiranje analizu', 'Stručni saradnik za planiranje analizu', ''),
	(94, 'Stručni saradnik za podršku i održavanje', 'Stručni saradnik za podršku i održavanje', ''),
	(95, 'Stručni saradnik za pravne i kadrovske poslove', 'Stručni saradnik za pravne i kadrovske poslove', ''),
	(96, 'Stručni saradnik za tržišne operacije', 'Stručni saradnik za tržišne operacije', ''),
	(97, 'Referent za obračun i naplatu', '', ''),
	(98, 'Inžinjer za mreže i postrojenja', 'Inžinjer za mreže i postrojenja', '1033'),
	(99, 'Arhivar', '', ''),
	(100, 'Referent za priključenja', '', ''),
	(101, 'Skladište', '', '');

-- Dumping structure for table inventory_v2.location
DROP TABLE IF EXISTS `location`;
CREATE TABLE IF NOT EXISTS `location` (
  `location_id` int NOT NULL AUTO_INCREMENT,
  `name` varchar(255) CHARACTER SET utf8mb4 COLLATE utf8mb4_bin NOT NULL,
  `code` varchar(50) CHARACTER SET utf8mb4 COLLATE utf8mb4_bin DEFAULT NULL,
  `parent_location_id` int DEFAULT NULL,
  PRIMARY KEY (`location_id`),
  UNIQUE KEY `code` (`code`),
  KEY `parent_location_id` (`parent_location_id`),
  CONSTRAINT `location_ibfk_1` FOREIGN KEY (`parent_location_id`) REFERENCES `location` (`location_id`)
) ENGINE=InnoDB DEFAULT CHARSET=utf8mb4 COLLATE=utf8mb4_bin;

-- Dumping data for table inventory_v2.location: ~14 rows (approximately)
INSERT INTO `location` (`location_id`, `name`, `code`, `parent_location_id`) VALUES
	(1, 'ED Zenica', '101', NULL),
	(2, 'Direkcija Zenica', '103', 1),
	(3, 'PJD Zenica', '10303', 1),
	(34, 'PJD Visoko', '105', 1),
	(35, 'PJD Maglaj', '103080607', 1),
	(36, 'PJD Breza', '103080604', 1),
	(37, 'PJD Zenica', '101-6', 1),
	(38, 'PJD Doboj Jug', '101-7', 1),
	(39, 'PJD Kakanj', '101-8', 1),
	(40, 'PJD Vareš', '101-9', 1),
	(41, 'PJD Olovo', '101-10', 1),
	(42, 'PJD Begov Han', '101-11', 1),
	(43, 'PJD Zavidovići', '101-12', 1),
	(45, 'PJD Tešanj', '101-13', 1);

-- Dumping structure for table inventory_v2.stock
DROP TABLE IF EXISTS `stock`;
CREATE TABLE IF NOT EXISTS `stock` (
  `stock_id` int NOT NULL AUTO_INCREMENT,
  `name` varchar(255) CHARACTER SET utf8mb4 COLLATE utf8mb4_bin NOT NULL,
  `excerpt` text CHARACTER SET utf8mb4 COLLATE utf8mb4_bin,
  `description` text CHARACTER SET utf8mb4 COLLATE utf8mb4_bin,
  `contract` varchar(255) CHARACTER SET utf8mb4 COLLATE utf8mb4_bin DEFAULT NULL,
  `category_id` int NOT NULL,
  `sap_number` varchar(50) CHARACTER SET utf8mb4 COLLATE utf8mb4_bin NOT NULL,
  `value_on_contract` int NOT NULL DEFAULT (0),
  `value_available` int NOT NULL DEFAULT (0),
  `timestamp` timestamp NOT NULL DEFAULT (now()),
  PRIMARY KEY (`stock_id`),
  KEY `FK_stock_category` (`category_id`),
  CONSTRAINT `FK_stock_category` FOREIGN KEY (`category_id`) REFERENCES `category` (`category_id`)
) ENGINE=InnoDB DEFAULT CHARSET=utf8mb4 COLLATE=utf8mb4_bin;

-- Dumping data for table inventory_v2.stock: ~19 rows (approximately)
INSERT INTO `stock` (`stock_id`, `name`, `excerpt`, `description`, `contract`, `category_id`, `sap_number`, `value_on_contract`, `value_available`, `timestamp`) VALUES
	(1, 'ThinkCentre 720S', 'Kratki opis opreme', 'Detaljan opis opreme', 'Ugovor broj 1/2023', 2, '1300-100200', 6, 0, '2023-10-31 18:29:38'),
	(2, 'HP ProDesk 600 G6', 'Small Form Factor PC', 'Opis računara', 'Ugovor 2/2023', 2, '1300-100525', 10, 5, '2023-10-31 20:58:45'),
	(3, 'Lenovo ThinkCentre M93p', 'Small Form Factor PC', 'Opis računara', 'Ugovor 3/2023', 2, '1300-132525', 32, 5, '2023-10-31 21:00:27'),
	(4, 'HP Compaq dc7900 Small Form Factor', 'SFF', 'Energetski učinkovite tehnologije, vodeća rješenja za upravljanje na daljinu i tri fleksibilna faktora oblika dizajnirana da odgovaraju vašim specifičnim poslovnim potrebama -- HP Compaq dc7900 PC stabilna je platforma koja smanjuje troškove posjedovanja.', 'Ugovor 4/2023', 2, '1300-551455', 87, 15, '2023-10-31 21:01:33'),
	(5, 'ThinkCentre M83 SFF Pro Desktop', 'SFF', 'The new small form factor (SFF) pro design features the compactness of the SFF with the expansion ability of a tower. The SFF desktops weigh in at 16.5 lbs / 7.8 kg and support both horizontal and vertical orientations.', 'Ugovor 5/2023', 2, '1300-005254', 33, 3, '2023-10-31 21:02:26'),
	(6, 'ThinkCentre M92/M92p Tiny, Small, Tower', 'SFF', 'This Tiny desktop packs a powerful enterprise performance and Intel Pro manageability into an ultra-compact form factor thats energy-efficient and easy to manage.', 'Ugovor 6/2023', 2, '1300-005248', 38, 4, '2023-10-31 21:03:23'),
	(7, 'Dell OptiPlex 3090 SFF', 'SFF', 'Detaljan opis', 'Ugovor 7/2023', 2, '1300-525456', 23, 0, '2023-10-31 21:04:19'),
	(8, 'HP Compaq 8200 Elite Small Form Factor PC', 'SFF', 'HP Compaq 8200 Elite Small Form Factor PC', 'Ugovor 1/2023', 2, '1300-100002', 15, 3, '2023-10-31 21:05:13'),
	(9, 'HP E24 G4 FHD Monitor', 'Opis monitor', 'Opis monitor', 'Ugovor 8/2023', 4, '1300-252525', 13, 0, '2023-10-31 21:06:36'),
	(10, 'ASUS VW199T-P 19"', '19 inča monitor kocka', '19 inča monitor kocka', 'Ugovor 9/2023', 4, '1300-183994', 24, 18, '2023-10-31 21:07:33'),
	(11, 'Philips 170S', 'Monitor Philips', 'Monitor Philips', 'Ugovor 11/2023', 4, '1300-100000', 20, 3, '2023-10-31 21:08:27'),
	(12, 'Philips S Line 20', 'Monitor Philips S Line 20"', 'Monitor Philips S Line 20"', 'Ugovor 12/2023', 4, '1300-100001', 31, 13, '2023-10-31 21:09:16'),
	(13, 'Dell 21,5"', 'Dell 21,5"', 'Dell 21,5"', 'Ugovor 13/2023', 4, '1300-100003', 29, 1, '2023-10-31 21:10:01'),
	(14, 'HP Compaq L1506', 'HP Compaq L1506', 'Monitor HP Compaq L1506 je osnovni model koji je pružao standardne performanse za osnovne računarske zadatke. Nema naprednih karakteristika ili tehnologija koje biste očekivali na modernijim monitorima.', 'Ugovor 14/2023', 4, '1300-100004', 3, 0, '2023-10-31 21:10:55'),
	(15, 'Dell OptiPlex 3080 SFF', 'Dell OptiPlex 3080 SFF je kompaktno i pouzdano stolno računalo koje je dizajnirano za poslovno okruženje. Opremljen Intel Core i3 procesorom desete generacije, različitim opcijama memorije i skladištenja, ovaj računar nudi solidne performanse za svakodnevne poslovne zadatke.', 'Dell OptiPlex 3080 SFF (Small Form Factor) je deo popularne OptiPlex serije stolnih računara koja je namenjena poslovnim korisnicima. Ovaj kompaktni računar nudi raznovrsne konfiguracije i opcije kako bi zadovoljio različite poslovne potrebe.\n\nProcesor ovog računara je Intel Core i3 desete generacije. Tačan model procesora može varirati, ali ova serija procesora pruža solidne performanse za svakodnevne poslovne zadatke. Sa 2 ili 4 jezgra, ovaj računar će se nositi sa standardnim poslovnim aplikacijama, web pregledanjem, i produktivnim zadacima.\n\nMemorija (RAM) opcije variraju, omogućavajući korisnicima da izaberu količinu RAM-a koja najbolje odgovara njihovim potrebama. Opcije za skladištenje takođe variraju, uključujući tradicionalne HDD-ove za veće kapacitete i brze SSD-ove za brži pristup podacima.\n\nGrafička kartica ovog računara je često integrisana, što je dovoljno za osnovne grafičke zadatke. Međutim, ovaj računar nije namenjen za zahtevne grafičke zadatke, kao što su 3D modeliranje ili igranje video igara.\n\nKonektori i portovi na OptiPlex 3080 SFF uključuju USB portove za povezivanje perifernih uređaja, HDMI i DisplayPort izlaze za povezivanje sa monitorima, audio portove za slušalice i mikrofon, Ethernet port za mrežno povezivanje, i druge relevantne portove.\n\nDell OptiPlex računari obično dolaze sa Windows operativnim sistemom, ali se mogu konfigurisati i sa drugim operativnim sistemima prema zahtevima korisnika.\n\nOvaj računar je dizajniran sa fokusom na pouzdanost i performanse u poslovnom okruženju, i nudi kompaktnu formu koja štedi prostor na radnom stolu. Idealno je rešenje za kancelarije, rad od kuće, i druge poslovne potrebe.', 'Ugovor 15/2023', 2, '1300-252563', 21, 0, '2023-11-05 16:06:40'),
	(16, 'Dell 23" P2319H', 'Dell 23 P2319H je profesionalni 23-inčni monitor dizajniran za kancelarijsko okruženje. Sa visokom rezolucijom, širokim vidnim uglovima i ergonomskim dizajnom, ovaj monitor pruža izuzetnu sliku i udobnost za produktivan rad.', 'Dell 23 P2319H je visokokvalitetni monitor dizajniran za poslovne korisnike koji zahtevaju pouzdanu i visoko funkcionalnu radnu stanicu. Ovaj 23-inčni monitor nudi visoku rezoluciju i razne karakteristike koje ga čine idealnim za kancelarijske zadatke.\n\nP2319H dolazi sa Full HD (1920 x 1080 piksela) rezolucijom, što pruža oštru i jasnu sliku. IPS panel ovog monitora osigurava široke vidne uglove i tačne boje, što je posebno korisno za grafički dizajn, foto-retuširanje i druge zadatke koji zahtevaju preciznu reprodukciju boja.\n\nErgonomske karakteristike ovog monitora uključuju mogućnost podešavanja visine, nagiba i rotacije. To omogućava korisnicima da prilagode monitor tako da odgovara njihovoj udobnosti i radnom okruženju. Takođe je kompatibilan sa VESA standardom za montiranje na zid ili nosače, što štedi prostor na radnom stolu.\n\nP2319H je opremljen raznim priključcima, uključujući HDMI, DisplayPort i VGA, što omogućava povezivanje sa različitim uređajima. Takođe ima USB priključke za povezivanje perifernih uređaja, kao što su tastature i miševi.\n\nOvaj monitor takođe ima anti-bljesak tehnologiju i nisku emisiju plave svetlosti kako bi smanjio umor očiju tokom dugotrajnog rada. To ga čini odličnim izborom za radno okruženje gde korisnici provode puno vremena ispred ekrana.\n\nDell 23 P2319H monitor kombinuje visoku rezoluciju, tačne boje i ergonomske karakteristike kako bi pružio produktivno i udobno radno iskustvo za poslovne korisnike.', 'Ugovor 16/2023', 4, '1300-2525663', 12, 0, '2023-11-05 16:18:35'),
	(17, 'Dell 24" P2422H', 'Dell P2422H je visokokvalitetni monitor sa ekranom veličine 23.8 inča, koji je idealan za produktivan rad u kancelarijskom okruženju. Sa visokom rezolucijom, širokim vidnim uglovima i brojnim korisnim funkcijama, ovaj monitor pruža izvanredno radno iskustvo.', 'Dell P2422H je profesionalni monitor sa tankim okvirom, veličine ekrana od 23.8 inča i Full HD rezolucijom (1920 x 1080 piksela). IPS panel ovog monitora omogućava široke vidne uglove i preciznu reprodukciju boja, čineći ga odličnim izborom za kreativne zadatke, grafički dizajn i multitasking.\n\nErgonomija je jedan od ključnih aspekata ovog monitora. P2422H ima mogućnost podešavanja visine, nagiba, rotacije i pivotiranja, tako da korisnici mogu prilagoditi poziciju ekrana prema svojim potrebama i udobnosti. Ovaj monitor takođe podržava VESA standard za montiranje na zid ili nosače, štedeći prostor na radnom stolu.\n\nPovezivanje sa različitim uređajima je lako zahvaljujući raznovrsnim priključcima, uključujući HDMI, DisplayPort, VGA i USB 3.0 hub sa četiri porta za povezivanje perifernih uređaja. Anti-bljesak tehnologija i niska emisija plave svetlosti štite vaše oči tokom dugotrajnog rada.\n\nMonitor Dell P2422H je energetski efikasan i ima sertifikate kao što su ENERGY STAR, EPEAT i TCO Certified Displays, što ga čini ekološki odgovornim izborom.', 'Ugovor 17/2023', 4, '1300-256455', 24, 0, '2023-11-05 16:24:11'),
	(18, 'Lenovo ThinkCentre M93', 'Lenovo M93 SFF ThinkCentre je kompaktna radna stanica koja pruža impresivnu izvedbu i pouzdanost za poslovne i uredske potrebe. Ovaj računar kombinira snažne komponente s kompaktnim faktorom oblika, što ga čini savršenim izborom za radne okoline s ograničenim prostorom.', 'Lenovo M93 SFF ThinkCentre je robustno izgrađen računar s modernim izgledom i praktičnom funkcionalnošću. Sa svojim kompaktnim dimenzijama, lako se uklapa na radni stol ili bilo koji drugi uredski prostor.\n\nOvaj računar dolazi s moćnim procesorima koji su sposobni za obradu kompleksnih poslovnih aplikacija i multitasking zadataka bez problema. Osim toga, ima mogućnost nadogradnje memorije i pohrane, omogućujući vam prilagodbu računara vašim specifičnim potrebama.\n\nLenovo M93 SFF ThinkCentre također ima brojne priključke za povezivanje uređaja i dodatne opreme, uključujući USB priključke, VGA i DisplayPort izlaze za spajanje na monitor(e), i druge.', 'Ugovor 18/2023', 2, '1300-254895', 16, 0, '2023-11-08 17:09:26'),
	(19, 'HP COMPAQ DC 7800', 'HP DC 7800 SFF (Small Form Factor) je izvanredan izbor za korisnike koji traže radnu stanicu za uredske i svakodnevne zadatke. Ovaj računar kombinira izvanrednu izvedbu s malim faktorom oblika, pružajući kompaktnost i snagu u jednom uređaju.', 'HP DC 7800 SFF dolazi s jednostavnim, ali elegantnim dizajnom koji će se uklopiti u bilo koji uredski prostor. Njegove male dimenzije čine ga savršenim za radne površine s ograničenim prostorom, a istovremeno nudi sve potrebne funkcionalnosti za produktivan rad.\n\nOvaj računar dolazi s raznovrsnim konfiguracijama koje uključuju različite procesore i količine memorije. Bez obzira na odabir, HP DC 7800 SFF osigurava glatko izvođenje aplikacija i efikasan multitasking.\n\nS obzirom na brojne USB priključke i druge konektore, HP DC 7800 SFF omogućuje vam da lako povežete sve potrebne uređaje i dodatnu opremu. Također nudi različite mogućnosti nadogradnje kako bi se prilagodio vašim budućim potrebama.', 'Ugovor 20/2023', 2, '1300-254565', 15, 7, '2023-11-08 21:10:55');

-- Dumping structure for table inventory_v2.stock_feature
DROP TABLE IF EXISTS `stock_feature`;
CREATE TABLE IF NOT EXISTS `stock_feature` (
  `stock_feature_id` int NOT NULL AUTO_INCREMENT,
  `stock_id` int NOT NULL DEFAULT '0',
  `feature_id` int NOT NULL DEFAULT '0',
  `value` varchar(255) CHARACTER SET utf8mb4 COLLATE utf8mb4_bin NOT NULL DEFAULT '',
  PRIMARY KEY (`stock_feature_id`) USING BTREE,
  KEY `FK_stock_feature_feature` (`feature_id`),
  KEY `FK_stock_feature_stock` (`stock_id`),
  CONSTRAINT `FK_stock_feature_feature` FOREIGN KEY (`feature_id`) REFERENCES `feature` (`feature_id`),
  CONSTRAINT `FK_stock_feature_stock` FOREIGN KEY (`stock_id`) REFERENCES `stock` (`stock_id`)
) ENGINE=InnoDB DEFAULT CHARSET=utf8mb4 COLLATE=utf8mb4_bin;

-- Dumping data for table inventory_v2.stock_feature: ~92 rows (approximately)
INSERT INTO `stock_feature` (`stock_feature_id`, `stock_id`, `feature_id`, `value`) VALUES
	(1, 1, 10, 'SFF'),
	(2, 1, 11, 'Intel I7 7000'),
	(3, 1, 13, '16GB'),
	(4, 1, 14, '512 SSD'),
	(5, 2, 10, 'Small Form Factor PC'),
	(6, 2, 11, 'Intel Core i5-10500 @ 3,1GHz'),
	(7, 2, 13, '8 GB'),
	(8, 2, 14, 'SSD-256GB'),
	(9, 3, 10, 'Small Form Factor PC'),
	(10, 3, 11, 'Intel Core i3-4130 CPU @ 3.40GHz'),
	(11, 3, 13, '8 GB'),
	(12, 3, 14, 'HDD-500GB'),
	(13, 4, 10, 'SFF'),
	(14, 4, 11, 'Intel Core 2 Duo E7200 processor 2.53 GHz, 3 MB L2 cache, 1066 MHz FSB'),
	(15, 4, 13, '4GB'),
	(16, 4, 14, 'HDD-256GB'),
	(17, 5, 10, 'SFF'),
	(18, 5, 11, 'Intel Core i7-4770'),
	(19, 5, 13, '8GB'),
	(20, 5, 14, '500GB'),
	(21, 6, 10, 'SFF'),
	(22, 6, 11, 'Intel Core i7-3770'),
	(23, 6, 13, '4GB'),
	(24, 6, 14, 'HDD - 500GB'),
	(25, 7, 10, 'SFF'),
	(26, 7, 11, 'I5 10500'),
	(27, 7, 13, '8GB'),
	(28, 7, 14, '256GB SSD'),
	(29, 8, 10, 'SFF'),
	(30, 8, 11, 'Intel Core i3'),
	(31, 8, 13, '8 GB'),
	(32, 8, 14, 'HDD - 500GB'),
	(33, 9, 17, 'IPS'),
	(34, 9, 19, '24 inch'),
	(35, 9, 20, '1000:1'),
	(36, 9, 21, '250 niti'),
	(37, 9, 22, '0.274 mm'),
	(38, 9, 23, '1xVGA, 4xUSB, 1xDP, 1xHDMI'),
	(39, 9, 24, 'FHD (1920 x 1080)'),
	(40, 10, 19, '19"'),
	(41, 10, 20, '1000000:1'),
	(42, 10, 23, 'VGA/DVI x2'),
	(43, 10, 24, '1440x900'),
	(44, 11, 19, '1280*1024'),
	(45, 11, 23, 'VGA'),
	(46, 12, 19, '1280*1024'),
	(47, 12, 22, '20'),
	(48, 12, 23, 'VGA'),
	(49, 12, 24, '1280*1024'),
	(50, 13, 17, '21,5'),
	(51, 13, 19, '1920*1080'),
	(52, 13, 23, 'VGA/HDMI'),
	(53, 14, 19, '1024*768'),
	(54, 14, 20, '400:1'),
	(55, 14, 21, '250 nits'),
	(56, 14, 23, 'VGA'),
	(57, 15, 10, 'SFF'),
	(58, 15, 11, '10th Generation Intel Core i3-10300'),
	(59, 15, 13, '8GB'),
	(60, 15, 14, '256 SDD'),
	(61, 16, 17, 'IPS (In-Plane Switching)'),
	(62, 16, 19, 'Full HD (1920 x 1080 piksela)'),
	(63, 16, 20, '1000:1 (statički)'),
	(64, 16, 21, '250 cd/m²'),
	(65, 16, 23, '1 x HDMI, 1 x DisplayPort, 1 x VGA, 1 x USB 3.0 ulaz, 2 x USB 3.0 izlaz, 1 x audio izlaz'),
	(66, 16, 24, '1920 x 1080'),
	(67, 16, 52, '8 ms (tipično)'),
	(68, 16, 53, '178° horizontalno / 178° vertikalno'),
	(69, 16, 54, '16.7 miliona boja'),
	(70, 16, 56, 'VESA 100 mm x 100 mm'),
	(71, 16, 57, 'Podešavanje visine, nagiba, rotacije i pivotiranja'),
	(72, 16, 58, 'ENERGY STAR 7.0, EPEAT Gold, TCO Certified Displays'),
	(73, 17, 17, 'IPS (In-Plane Switching)'),
	(74, 17, 19, 'Full HD (1920 x 1080 piksela)'),
	(75, 17, 20, '1000:1 (statički)'),
	(76, 17, 22, '23,8"'),
	(77, 17, 23, '1 x HDMI, 1 x DisplayPort, 1 x VGA, 4 x USB 3.0, 1 x audio izlaz'),
	(78, 17, 24, '1920 x 1080 piksela'),
	(79, 17, 52, '8 ms (tipično)'),
	(80, 17, 53, '178° horizontalno / 178° vertikalno'),
	(81, 17, 54, '16.7 miliona boja'),
	(82, 17, 56, 'VESA 100 mm x 100 mm'),
	(83, 17, 57, 'Podešavanje visine, nagiba, rotacije i pivotiranja'),
	(84, 17, 58, 'ENERGY STAR, EPEAT, TCO Certified Displays'),
	(85, 18, 10, 'SFF'),
	(86, 18, 11, 'Intel Core i5'),
	(87, 18, 13, '2x4'),
	(88, 18, 14, 'HDD-500GB'),
	(89, 19, 10, 'SFF'),
	(90, 19, 11, ' Intel Core 2 Duo serija'),
	(91, 19, 13, '4 GB DDR2'),
	(92, 19, 14, '250 GB HDD');

-- Dumping structure for table inventory_v2.upgrade_feature
DROP TABLE IF EXISTS `upgrade_feature`;
CREATE TABLE IF NOT EXISTS `upgrade_feature` (
  `upgrade_feature_id` int NOT NULL AUTO_INCREMENT,
  `name` varchar(255) CHARACTER SET utf8mb4 COLLATE utf8mb4_bin NOT NULL,
  `value` decimal(10,2) NOT NULL,
  `timestamp` timestamp NULL DEFAULT CURRENT_TIMESTAMP,
  `comment` text CHARACTER SET utf8mb4 COLLATE utf8mb4_bin,
  `serial_number` varchar(50) CHARACTER SET utf8mb4 COLLATE utf8mb4_bin DEFAULT NULL,
  `article_id` int NOT NULL,
  PRIMARY KEY (`upgrade_feature_id`),
  KEY `article_id` (`article_id`),
  CONSTRAINT `upgrade_feature_ibfk_1` FOREIGN KEY (`article_id`) REFERENCES `article` (`article_id`)
) ENGINE=InnoDB DEFAULT CHARSET=utf8mb4 COLLATE=utf8mb4_bin;

-- Dumping data for table inventory_v2.upgrade_feature: ~0 rows (approximately)

-- Dumping structure for table inventory_v2.user
DROP TABLE IF EXISTS `user`;
CREATE TABLE IF NOT EXISTS `user` (
  `user_id` int NOT NULL AUTO_INCREMENT,
  `surname` varchar(255) CHARACTER SET utf8mb4 COLLATE utf8mb4_bin NOT NULL,
  `forname` varchar(255) CHARACTER SET utf8mb4 COLLATE utf8mb4_bin NOT NULL,
  `fullname` varchar(255) CHARACTER SET utf8mb4 COLLATE utf8mb4_bin DEFAULT NULL,
  `local_number` varchar(50) CHARACTER SET utf8mb4 COLLATE utf8mb4_bin NOT NULL,
  `telephone` varchar(50) CHARACTER SET utf8mb4 COLLATE utf8mb4_bin DEFAULT NULL,
  `email` varchar(255) CHARACTER SET utf8mb4 COLLATE utf8mb4_bin DEFAULT NULL,
  `password_hash` varchar(255) CHARACTER SET utf8mb4 COLLATE utf8mb4_bin NOT NULL,
  `job_id` int NOT NULL,
  `department_id` int NOT NULL,
  `location_id` int NOT NULL,
  `registration_date` timestamp NULL DEFAULT CURRENT_TIMESTAMP,
  `last_login_date` timestamp NULL DEFAULT NULL,
  `status` enum('aktivan','neaktivan') CHARACTER SET utf8mb4 COLLATE utf8mb4_bin NOT NULL DEFAULT 'neaktivan',
  PRIMARY KEY (`user_id`),
  KEY `job_id` (`job_id`),
  KEY `department_id` (`department_id`),
  KEY `location_id` (`location_id`),
  CONSTRAINT `user_ibfk_1` FOREIGN KEY (`job_id`) REFERENCES `job` (`job_id`),
  CONSTRAINT `user_ibfk_2` FOREIGN KEY (`department_id`) REFERENCES `department` (`department_id`),
  CONSTRAINT `user_ibfk_3` FOREIGN KEY (`location_id`) REFERENCES `location` (`location_id`)
) ENGINE=InnoDB DEFAULT CHARSET=utf8mb4 COLLATE=utf8mb4_bin;

-- Dumping data for table inventory_v2.user: ~238 rows (approximately)
INSERT INTO `user` (`user_id`, `surname`, `forname`, `fullname`, `local_number`, `telephone`, `email`, `password_hash`, `job_id`, `department_id`, `location_id`, `registration_date`, `last_login_date`, `status`) VALUES
	(148, 'Mudžahid', 'Cerić', 'Cerić Mudžahid', '1696', '032/449-696', 'm.ceric@epbih.ba', 'A5DFA812369F37FFD1755CA396C471CCEBC16B19DAEC09A1442287BCE01BD2BDC7603A2B86DF587FDAFA3EDEF4DA3E9D76E8B8194D24E696DCCA329CDD1429DE', 2, 3, 2, '2023-10-31 18:20:23', NULL, 'neaktivan'),
	(149, 'Sabit', 'Alić', 'Alić Sabit', '1608', '032/449-608', 's.alic@epbih.ba', 'A5DFA812369F37FFD1755CA396C471CCEBC16B19DAEC09A1442287BCE01BD2BDC7603A2B86DF587FDAFA3EDEF4DA3E9D76E8B8194D24E696DCCA329CDD1429DE', 7, 5, 2, '2023-10-31 18:20:23', NULL, 'neaktivan'),
	(150, 'Emina', 'Hasić', 'Hasić Emina', '1613', '032/449-613', 'e.hasic@epbih.ba', 'A5DFA812369F37FFD1755CA396C471CCEBC16B19DAEC09A1442287BCE01BD2BDC7603A2B86DF587FDAFA3EDEF4DA3E9D76E8B8194D24E696DCCA329CDD1429DE', 6, 5, 2, '2023-10-31 18:20:23', NULL, 'neaktivan'),
	(151, 'Zahid', 'Softić', 'Softić Zahid', '1682', '032/449-682', 'z.softic@epbih.ba', 'A5DFA812369F37FFD1755CA396C471CCEBC16B19DAEC09A1442287BCE01BD2BDC7603A2B86DF587FDAFA3EDEF4DA3E9D76E8B8194D24E696DCCA329CDD1429DE', 8, 5, 2, '2023-10-31 18:20:23', NULL, 'neaktivan'),
	(152, 'Lejla', 'Pojskić', 'Pojskić Lejla', '1618', '032/449-618', 'l.carsimamovic@epbih.ba', 'A5DFA812369F37FFD1755CA396C471CCEBC16B19DAEC09A1442287BCE01BD2BDC7603A2B86DF587FDAFA3EDEF4DA3E9D76E8B8194D24E696DCCA329CDD1429DE', 9, 2, 2, '2023-10-31 18:20:23', NULL, 'neaktivan'),
	(153, 'Kenan', 'Serdarević', 'Serdarević Kenan', '1617', '032/449-617', 'k.serdarevic@epbih.ba', 'A5DFA812369F37FFD1755CA396C471CCEBC16B19DAEC09A1442287BCE01BD2BDC7603A2B86DF587FDAFA3EDEF4DA3E9D76E8B8194D24E696DCCA329CDD1429DE', 8, 11, 2, '2023-10-31 18:20:23', NULL, 'neaktivan'),
	(154, 'Lejla', 'Buza', 'Buza Lejla', '1651', '032/449-651', 'le.buza@epbih.ba', 'A5DFA812369F37FFD1755CA396C471CCEBC16B19DAEC09A1442287BCE01BD2BDC7603A2B86DF587FDAFA3EDEF4DA3E9D76E8B8194D24E696DCCA329CDD1429DE', 9, 27, 2, '2023-10-31 18:20:23', NULL, 'neaktivan'),
	(156, 'Edin', 'Arnaut', 'Arnaut Edin', '1601', '032/449-601', 'e.arnaut@epbih.ba', 'A5DFA812369F37FFD1755CA396C471CCEBC16B19DAEC09A1442287BCE01BD2BDC7603A2B86DF587FDAFA3EDEF4DA3E9D76E8B8194D24E696DCCA329CDD1429DE', 93, 40, 2, '2023-10-31 18:20:23', NULL, 'neaktivan'),
	(157, 'Ahmed', 'Mutapčić', 'Mutapčić Ahmed', '1602', '032-449-602', 'a.mutapcic@epbih.ba', 'A5DFA812369F37FFD1755CA396C471CCEBC16B19DAEC09A1442287BCE01BD2BDC7603A2B86DF587FDAFA3EDEF4DA3E9D76E8B8194D24E696DCCA329CDD1429DE', 8, 22, 37, '2023-10-31 18:20:23', NULL, 'neaktivan'),
	(158, 'Azra', 'Talić', 'Talić Azra', '1603', '032/449-603', 'a.talic@epbih.ba', 'A5DFA812369F37FFD1755CA396C471CCEBC16B19DAEC09A1442287BCE01BD2BDC7603A2B86DF587FDAFA3EDEF4DA3E9D76E8B8194D24E696DCCA329CDD1429DE', 14, 19, 2, '2023-10-31 18:20:23', NULL, 'neaktivan'),
	(159, 'Nedžad', 'Osmanović', 'Osmanović Nedžad', '1560', '032/449-560', 'ne.osmanovic@epbih.ba', 'A5DFA812369F37FFD1755CA396C471CCEBC16B19DAEC09A1442287BCE01BD2BDC7603A2B86DF587FDAFA3EDEF4DA3E9D76E8B8194D24E696DCCA329CDD1429DE', 15, 19, 2, '2023-10-31 18:20:23', NULL, 'neaktivan'),
	(161, 'Jasmin', 'Ćatić', 'Ćatić Jasmin', '1501', '032/449-501', 'j.catic@epbih.ba', 'A5DFA812369F37FFD1755CA396C471CCEBC16B19DAEC09A1442287BCE01BD2BDC7603A2B86DF587FDAFA3EDEF4DA3E9D76E8B8194D24E696DCCA329CDD1429DE', 16, 20, 2, '2023-10-31 18:20:23', NULL, 'neaktivan'),
	(162, 'Asaf', 'Kajmaković', 'Kajmaković Asaf', '1501', '032/449-501', 'a.kajmakovic@epbih.ba', 'A5DFA812369F37FFD1755CA396C471CCEBC16B19DAEC09A1442287BCE01BD2BDC7603A2B86DF587FDAFA3EDEF4DA3E9D76E8B8194D24E696DCCA329CDD1429DE', 16, 20, 2, '2023-10-31 18:20:23', NULL, 'neaktivan'),
	(163, 'Raif', 'Mešić', 'Mešić Raif', '1501', '032/449-501', 'r.mesic@epbih.ba', 'A5DFA812369F37FFD1755CA396C471CCEBC16B19DAEC09A1442287BCE01BD2BDC7603A2B86DF587FDAFA3EDEF4DA3E9D76E8B8194D24E696DCCA329CDD1429DE', 16, 20, 2, '2023-10-31 18:20:23', NULL, 'neaktivan'),
	(164, 'Dženana', 'Skomorac - Kos', 'Skomorac - Kos Dženana', '1657', '032/449-657', 'dz.skomorac@epbih.ba', 'A5DFA812369F37FFD1755CA396C471CCEBC16B19DAEC09A1442287BCE01BD2BDC7603A2B86DF587FDAFA3EDEF4DA3E9D76E8B8194D24E696DCCA329CDD1429DE', 9, 21, 2, '2023-10-31 18:20:23', NULL, 'neaktivan'),
	(165, 'Goran', 'Skočilić', 'Skočilić Goran', '1556', '032/449-556', 'g.skocilic@epbih.ba', 'A5DFA812369F37FFD1755CA396C471CCEBC16B19DAEC09A1442287BCE01BD2BDC7603A2B86DF587FDAFA3EDEF4DA3E9D76E8B8194D24E696DCCA329CDD1429DE', 17, 21, 2, '2023-10-31 18:20:23', NULL, 'neaktivan'),
	(166, 'Nermin', 'Skenderović', 'Skenderović Nermin', '1557', '032/449-557', 'n.skenderovic@epbih.ba', 'A5DFA812369F37FFD1755CA396C471CCEBC16B19DAEC09A1442287BCE01BD2BDC7603A2B86DF587FDAFA3EDEF4DA3E9D76E8B8194D24E696DCCA329CDD1429DE', 17, 21, 2, '2023-10-31 18:20:23', NULL, 'neaktivan'),
	(167, 'Nihad', 'Kesić', 'Kesić Nihad', '1558', '032/449-558', 'n.kesic@epbih.ba', 'A5DFA812369F37FFD1755CA396C471CCEBC16B19DAEC09A1442287BCE01BD2BDC7603A2B86DF587FDAFA3EDEF4DA3E9D76E8B8194D24E696DCCA329CDD1429DE', 17, 21, 2, '2023-10-31 18:20:23', NULL, 'neaktivan'),
	(168, 'Mirnes', 'Kaknjo', 'Kaknjo Mirnes', '1559', '032/449-559', 'm.kaknjo@epbih.ba', 'A5DFA812369F37FFD1755CA396C471CCEBC16B19DAEC09A1442287BCE01BD2BDC7603A2B86DF587FDAFA3EDEF4DA3E9D76E8B8194D24E696DCCA329CDD1429DE', 17, 21, 2, '2023-10-31 18:20:23', NULL, 'neaktivan'),
	(169, 'Enes', 'Krdžalić', 'Krdžalić Enes', '1612', '032/449-612', 'e.krdzalic@epbih.ba', 'A5DFA812369F37FFD1755CA396C471CCEBC16B19DAEC09A1442287BCE01BD2BDC7603A2B86DF587FDAFA3EDEF4DA3E9D76E8B8194D24E696DCCA329CDD1429DE', 18, 34, 2, '2023-10-31 18:20:23', NULL, 'neaktivan'),
	(170, 'Edin', 'Kovač', 'Kovač Edin', '1612', '032/449-612', 'e.kovac@epbih.ba', 'A5DFA812369F37FFD1755CA396C471CCEBC16B19DAEC09A1442287BCE01BD2BDC7603A2B86DF587FDAFA3EDEF4DA3E9D76E8B8194D24E696DCCA329CDD1429DE', 19, 34, 2, '2023-10-31 18:20:23', NULL, 'neaktivan'),
	(171, 'Adnan', 'Ibreljić', 'Ibreljić Adnan', '1658', '032/449-658', 'a.ibreljic@epbih.ba', 'A5DFA812369F37FFD1755CA396C471CCEBC16B19DAEC09A1442287BCE01BD2BDC7603A2B86DF587FDAFA3EDEF4DA3E9D76E8B8194D24E696DCCA329CDD1429DE', 20, 34, 2, '2023-10-31 18:20:23', NULL, 'neaktivan'),
	(172, 'Ernes', 'Bedak', 'Bedak Ernes', '1611', '032/449-611', 'e.bedak@epbih.ba', 'A5DFA812369F37FFD1755CA396C471CCEBC16B19DAEC09A1442287BCE01BD2BDC7603A2B86DF587FDAFA3EDEF4DA3E9D76E8B8194D24E696DCCA329CDD1429DE', 9, 6, 2, '2023-10-31 18:20:23', NULL, 'neaktivan'),
	(173, 'Armin', 'Bašić', 'Bašić Armin', '1611', '032/449-611', 'ar.basic@epbih.ba', 'A5DFA812369F37FFD1755CA396C471CCEBC16B19DAEC09A1442287BCE01BD2BDC7603A2B86DF587FDAFA3EDEF4DA3E9D76E8B8194D24E696DCCA329CDD1429DE', 21, 6, 2, '2023-10-31 18:20:23', NULL, 'neaktivan'),
	(174, 'Mirha', 'Ćatić', 'Ćatić Mirha', '1615', '032/449-615', 'm.catic@epbih.ba', 'A5DFA812369F37FFD1755CA396C471CCEBC16B19DAEC09A1442287BCE01BD2BDC7603A2B86DF587FDAFA3EDEF4DA3E9D76E8B8194D24E696DCCA329CDD1429DE', 10, 6, 2, '2023-10-31 18:20:23', NULL, 'neaktivan'),
	(175, 'Mirha', 'Bašić', 'Bašić Mirha', '1614', '032/449-614', 'mirha.basic@epbih.ba', 'A5DFA812369F37FFD1755CA396C471CCEBC16B19DAEC09A1442287BCE01BD2BDC7603A2B86DF587FDAFA3EDEF4DA3E9D76E8B8194D24E696DCCA329CDD1429DE', 11, 6, 2, '2023-10-31 18:20:23', NULL, 'neaktivan'),
	(176, 'Mirsad', 'Bečić', 'Bečić Mirsad', '1610', '032/449-610', 'm.becic@epbih.ba', 'A5DFA812369F37FFD1755CA396C471CCEBC16B19DAEC09A1442287BCE01BD2BDC7603A2B86DF587FDAFA3EDEF4DA3E9D76E8B8194D24E696DCCA329CDD1429DE', 9, 7, 2, '2023-10-31 18:20:23', NULL, 'neaktivan'),
	(177, 'Adis', 'Redžepović', 'Redžepović Adis', '1697', '032/449-697', 'a.redzepovic@epbih.ba', 'A5DFA812369F37FFD1755CA396C471CCEBC16B19DAEC09A1442287BCE01BD2BDC7603A2B86DF587FDAFA3EDEF4DA3E9D76E8B8194D24E696DCCA329CDD1429DE', 22, 7, 2, '2023-10-31 18:20:23', NULL, 'neaktivan'),
	(178, 'Amina', 'Kavazovic', 'Kavazovic Amina', '1694', '032/449-694', 'a.kavazovic@epbih.ba', 'A5DFA812369F37FFD1755CA396C471CCEBC16B19DAEC09A1442287BCE01BD2BDC7603A2B86DF587FDAFA3EDEF4DA3E9D76E8B8194D24E696DCCA329CDD1429DE', 23, 7, 2, '2023-10-31 18:20:23', NULL, 'neaktivan'),
	(179, 'Jasmina', 'Karić', 'Karić Jasmina', '1607', '032/449-607', 'j.cucukovic@epbih.ba', 'A5DFA812369F37FFD1755CA396C471CCEBC16B19DAEC09A1442287BCE01BD2BDC7603A2B86DF587FDAFA3EDEF4DA3E9D76E8B8194D24E696DCCA329CDD1429DE', 24, 7, 2, '2023-10-31 18:20:23', NULL, 'neaktivan'),
	(180, 'Armin', 'Maličbegović', 'Maličbegović Armin', '1609', '032/449-609', 'a.mlicbegovic@epbih.ba', 'A5DFA812369F37FFD1755CA396C471CCEBC16B19DAEC09A1442287BCE01BD2BDC7603A2B86DF587FDAFA3EDEF4DA3E9D76E8B8194D24E696DCCA329CDD1429DE', 25, 7, 2, '2023-10-31 18:20:23', NULL, 'neaktivan'),
	(181, 'Mirhat', 'Đuherić', 'Đuherić Mirhat', '1677', '032/449-677', 'm.dzuheric@epbih.ba', 'A5DFA812369F37FFD1755CA396C471CCEBC16B19DAEC09A1442287BCE01BD2BDC7603A2B86DF587FDAFA3EDEF4DA3E9D76E8B8194D24E696DCCA329CDD1429DE', 26, 7, 2, '2023-10-31 18:20:23', NULL, 'neaktivan'),
	(182, 'Rukija', 'Huseinspahić', 'Huseinspahić Rukija', '1622', '032/449-622', 'r.huseinspahic@epbih.ba', 'A5DFA812369F37FFD1755CA396C471CCEBC16B19DAEC09A1442287BCE01BD2BDC7603A2B86DF587FDAFA3EDEF4DA3E9D76E8B8194D24E696DCCA329CDD1429DE', 27, 7, 2, '2023-10-31 18:20:23', NULL, 'neaktivan'),
	(183, 'Amra', 'Imamović', 'Imamović Amra', '1678', '032/449-678', 'am.imamovic@epbih.ba', 'A5DFA812369F37FFD1755CA396C471CCEBC16B19DAEC09A1442287BCE01BD2BDC7603A2B86DF587FDAFA3EDEF4DA3E9D76E8B8194D24E696DCCA329CDD1429DE', 9, 20, 2, '2023-10-31 18:20:23', NULL, 'neaktivan'),
	(184, 'Sead', 'Kratina', 'Kratina Sead', '1606', '032/449-606', 's.kratina@epbih.ba', 'A5DFA812369F37FFD1755CA396C471CCEBC16B19DAEC09A1442287BCE01BD2BDC7603A2B86DF587FDAFA3EDEF4DA3E9D76E8B8194D24E696DCCA329CDD1429DE', 28, 9, 2, '2023-10-31 18:20:23', NULL, 'neaktivan'),
	(185, 'Smaragda', 'Imamović', 'Imamović Smaragda', '1606', '032/449-606', 's.imamovic@epbih.ba', 'A5DFA812369F37FFD1755CA396C471CCEBC16B19DAEC09A1442287BCE01BD2BDC7603A2B86DF587FDAFA3EDEF4DA3E9D76E8B8194D24E696DCCA329CDD1429DE', 29, 9, 2, '2023-10-31 18:20:23', NULL, 'neaktivan'),
	(186, 'Benjamin', 'Kovačević', 'Kovačević Benjamin', '1679', '032/449-679', 'b.kovacevuc@epbih.ba', 'D8C078577BE9F6B3F869EBF5E2E19009FFDF74C7BD3821BD6A8D0745F922E09A33C3AD3C41FEB58E5DC8B625E96CF39FF91416FDA190A362E5E9B1ABAE1AECEF', 9, 12, 2, '2023-10-31 18:20:23', NULL, 'neaktivan'),
	(187, 'Kenan', 'Dželo', 'Dželo Kenan', '1619', '032/449-619', 'k.dzelo@epbih.ba', 'A5DFA812369F37FFD1755CA396C471CCEBC16B19DAEC09A1442287BCE01BD2BDC7603A2B86DF587FDAFA3EDEF4DA3E9D76E8B8194D24E696DCCA329CDD1429DE', 31, 12, 2, '2023-10-31 18:20:23', NULL, 'neaktivan'),
	(188, 'Asmir', 'Džidić', 'Džidić Asmir', '1674', '032/449-674', 'a.dzidic@epbih.ba', 'A5DFA812369F37FFD1755CA396C471CCEBC16B19DAEC09A1442287BCE01BD2BDC7603A2B86DF587FDAFA3EDEF4DA3E9D76E8B8194D24E696DCCA329CDD1429DE', 32, 12, 2, '2023-10-31 18:20:23', NULL, 'neaktivan'),
	(189, 'Igor', 'Primorac', 'Primorac Igor', '1553', '032/449-553', 'i.primorac@epbih.ba', 'A5DFA812369F37FFD1755CA396C471CCEBC16B19DAEC09A1442287BCE01BD2BDC7603A2B86DF587FDAFA3EDEF4DA3E9D76E8B8194D24E696DCCA329CDD1429DE', 9, 13, 2, '2023-10-31 18:20:23', NULL, 'neaktivan'),
	(190, 'Senad', 'Čaušević', 'Čaušević Senad', '1551', '032/449-551', 's.causevic@epbih.ba', 'A5DFA812369F37FFD1755CA396C471CCEBC16B19DAEC09A1442287BCE01BD2BDC7603A2B86DF587FDAFA3EDEF4DA3E9D76E8B8194D24E696DCCA329CDD1429DE', 33, 13, 2, '2023-10-31 18:20:23', NULL, 'neaktivan'),
	(191, 'Hazim', 'Durmić', 'Durmić Hazim', '1551', '032/449-551', 'h.durmic@epbih.ba', 'A5DFA812369F37FFD1755CA396C471CCEBC16B19DAEC09A1442287BCE01BD2BDC7603A2B86DF587FDAFA3EDEF4DA3E9D76E8B8194D24E696DCCA329CDD1429DE', 33, 13, 2, '2023-10-31 18:20:23', NULL, 'neaktivan'),
	(192, 'Samrudin', 'Kubat', 'Kubat Samrudin', '1551', '032/449-551', 'k.samrudin@epbih.ba', 'A5DFA812369F37FFD1755CA396C471CCEBC16B19DAEC09A1442287BCE01BD2BDC7603A2B86DF587FDAFA3EDEF4DA3E9D76E8B8194D24E696DCCA329CDD1429DE', 33, 13, 2, '2023-10-31 18:20:23', NULL, 'neaktivan'),
	(193, 'Samir', 'Kadić', 'Kadić Samir', '1552', '032/449-552', 's.kadic@epbih.ba', 'A5DFA812369F37FFD1755CA396C471CCEBC16B19DAEC09A1442287BCE01BD2BDC7603A2B86DF587FDAFA3EDEF4DA3E9D76E8B8194D24E696DCCA329CDD1429DE', 33, 13, 2, '2023-10-31 18:20:23', NULL, 'neaktivan'),
	(194, 'Enes', 'Malkoć', 'Malkoć Enes', '1552', '032/449-552', 'e.malkoc@epbih.ba', 'A5DFA812369F37FFD1755CA396C471CCEBC16B19DAEC09A1442287BCE01BD2BDC7603A2B86DF587FDAFA3EDEF4DA3E9D76E8B8194D24E696DCCA329CDD1429DE', 33, 13, 2, '2023-10-31 18:20:23', NULL, 'neaktivan'),
	(195, 'Mirza', 'Serdarević', 'Serdarević Mirza', '1698', '032/449-698', 'm.serdarevic@epbih.ba', 'A5DFA812369F37FFD1755CA396C471CCEBC16B19DAEC09A1442287BCE01BD2BDC7603A2B86DF587FDAFA3EDEF4DA3E9D76E8B8194D24E696DCCA329CDD1429DE', 34, 13, 2, '2023-10-31 18:20:23', NULL, 'neaktivan'),
	(196, 'Edin', 'Opardija', 'Opardija Edin', '1516', '032/449-516', 'e.opardija@epbih.ba', 'A5DFA812369F37FFD1755CA396C471CCEBC16B19DAEC09A1442287BCE01BD2BDC7603A2B86DF587FDAFA3EDEF4DA3E9D76E8B8194D24E696DCCA329CDD1429DE', 35, 15, 37, '2023-10-31 18:20:23', NULL, 'neaktivan'),
	(197, 'Ermin', 'Husagić', 'Husagić Ermin', '1518', '032/449-518', 'e.husagic@epbih.ba', 'A5DFA812369F37FFD1755CA396C471CCEBC16B19DAEC09A1442287BCE01BD2BDC7603A2B86DF587FDAFA3EDEF4DA3E9D76E8B8194D24E696DCCA329CDD1429DE', 36, 15, 37, '2023-10-31 18:20:23', NULL, 'neaktivan'),
	(198, 'Admir', 'Nizamić', 'Nizamić Admir', '1518', '032/449-518', 'a.nizamic@epbih.ba', 'A5DFA812369F37FFD1755CA396C471CCEBC16B19DAEC09A1442287BCE01BD2BDC7603A2B86DF587FDAFA3EDEF4DA3E9D76E8B8194D24E696DCCA329CDD1429DE', 37, 15, 37, '2023-10-31 18:20:23', NULL, 'neaktivan'),
	(199, 'Amel', 'Čajdrić', 'Čajdrić Amel', '1519', '032/449-519', 'a.cajdric@epbih.ba', 'A5DFA812369F37FFD1755CA396C471CCEBC16B19DAEC09A1442287BCE01BD2BDC7603A2B86DF587FDAFA3EDEF4DA3E9D76E8B8194D24E696DCCA329CDD1429DE', 9, 36, 37, '2023-10-31 18:20:23', NULL, 'neaktivan'),
	(200, 'Amar', 'Kasap', 'Kasap Amar', '1666', '032/449-666', 'a.kasap@epbih.ba', 'A5DFA812369F37FFD1755CA396C471CCEBC16B19DAEC09A1442287BCE01BD2BDC7603A2B86DF587FDAFA3EDEF4DA3E9D76E8B8194D24E696DCCA329CDD1429DE', 9, 25, 2, '2023-10-31 18:20:23', NULL, 'neaktivan'),
	(201, 'Hedina', 'Čaušević', 'Čaušević Hedina', '1635', '032/449-635', 'he.causevic@epbih.ba', 'A5DFA812369F37FFD1755CA396C471CCEBC16B19DAEC09A1442287BCE01BD2BDC7603A2B86DF587FDAFA3EDEF4DA3E9D76E8B8194D24E696DCCA329CDD1429DE', 39, 25, 2, '2023-10-31 18:20:23', NULL, 'neaktivan'),
	(202, 'Senad', 'Ćatić', 'Ćatić Senad', '60847', '032/609-847', 'se.catic@elektroprivreda.ba', 'A5DFA812369F37FFD1755CA396C471CCEBC16B19DAEC09A1442287BCE01BD2BDC7603A2B86DF587FDAFA3EDEF4DA3E9D76E8B8194D24E696DCCA329CDD1429DE', 42, 25, 35, '2023-10-31 18:20:23', NULL, 'neaktivan'),
	(203, 'Kemal', 'Dautbegović', 'Dautbegović Kemal', '1641', '032/449-641', 'k.dautbegovic@epbih.ba', 'A5DFA812369F37FFD1755CA396C471CCEBC16B19DAEC09A1442287BCE01BD2BDC7603A2B86DF587FDAFA3EDEF4DA3E9D76E8B8194D24E696DCCA329CDD1429DE', 40, 25, 2, '2023-10-31 18:20:23', NULL, 'neaktivan'),
	(204, 'Edin', 'Heremić', 'Heremić Edin', '1532', '032/449-532', 'e.heremic@epbih.ba', 'A5DFA812369F37FFD1755CA396C471CCEBC16B19DAEC09A1442287BCE01BD2BDC7603A2B86DF587FDAFA3EDEF4DA3E9D76E8B8194D24E696DCCA329CDD1429DE', 41, 25, 37, '2023-10-31 18:20:23', NULL, 'neaktivan'),
	(205, 'Subhija', 'Muharemović', 'Muharemović Subhija', '1636', '032/449-636', 's.muharemovic@epbih.ba', 'A5DFA812369F37FFD1755CA396C471CCEBC16B19DAEC09A1442287BCE01BD2BDC7603A2B86DF587FDAFA3EDEF4DA3E9D76E8B8194D24E696DCCA329CDD1429DE', 40, 25, 2, '2023-10-31 18:20:23', NULL, 'neaktivan'),
	(206, 'Mustafa', 'Omanović', 'Omanović Mustafa', '61080', '032/786-080', 'm.omanovic@epbih.ba', 'A5DFA812369F37FFD1755CA396C471CCEBC16B19DAEC09A1442287BCE01BD2BDC7603A2B86DF587FDAFA3EDEF4DA3E9D76E8B8194D24E696DCCA329CDD1429DE', 42, 25, 36, '2023-10-31 18:20:23', NULL, 'neaktivan'),
	(207, 'Amra', 'Pojskić', 'Pojskić Amra', '1621', '032/449-621', 'a.pojskic@epbih.ba', 'A5DFA812369F37FFD1755CA396C471CCEBC16B19DAEC09A1442287BCE01BD2BDC7603A2B86DF587FDAFA3EDEF4DA3E9D76E8B8194D24E696DCCA329CDD1429DE', 8, 29, 2, '2023-10-31 18:20:23', NULL, 'neaktivan'),
	(208, 'Rašida', 'Hajdić', 'Hajdić Rašida', '1615', '032/449-615', 'r.hajdic@epbih.ba', 'A5DFA812369F37FFD1755CA396C471CCEBC16B19DAEC09A1442287BCE01BD2BDC7603A2B86DF587FDAFA3EDEF4DA3E9D76E8B8194D24E696DCCA329CDD1429DE', 32, 12, 2, '2023-10-31 18:20:23', NULL, 'neaktivan'),
	(209, 'Emir', 'Hedžić', 'Hedžić Emir', '1654', '032/449-654', 'e.hedzic@epbih.ba', 'A5DFA812369F37FFD1755CA396C471CCEBC16B19DAEC09A1442287BCE01BD2BDC7603A2B86DF587FDAFA3EDEF4DA3E9D76E8B8194D24E696DCCA329CDD1429DE', 44, 3, 2, '2023-10-31 18:20:23', NULL, 'neaktivan'),
	(210, 'Evel', 'Subašić', 'Subašić Evel', '1653', '062/449-653', 'evels@epbih.ba', 'A5DFA812369F37FFD1755CA396C471CCEBC16B19DAEC09A1442287BCE01BD2BDC7603A2B86DF587FDAFA3EDEF4DA3E9D76E8B8194D24E696DCCA329CDD1429DE', 44, 3, 2, '2023-10-31 18:20:23', NULL, 'neaktivan'),
	(211, 'Aidin', 'Pripoljac', 'Pripoljac Aidin', '1561', '032/449-561', 'a.pripoljac@epbih.ba', 'A5DFA812369F37FFD1755CA396C471CCEBC16B19DAEC09A1442287BCE01BD2BDC7603A2B86DF587FDAFA3EDEF4DA3E9D76E8B8194D24E696DCCA329CDD1429DE', 45, 38, 37, '2023-10-31 18:20:23', NULL, 'neaktivan'),
	(212, 'Tarik', 'Krivokapa', 'Krivokapa Tarik', '1615', '032/449-615', 't.krivokapa@epbih.ba', 'A5DFA812369F37FFD1755CA396C471CCEBC16B19DAEC09A1442287BCE01BD2BDC7603A2B86DF587FDAFA3EDEF4DA3E9D76E8B8194D24E696DCCA329CDD1429DE', 11, 6, 2, '2023-10-31 18:20:23', NULL, 'neaktivan'),
	(213, 'Vedad', 'Smailbegović', 'Smailbegović Vedad', '1619', '032/449-619', 'v.smailbegovic@epbih.ba', 'A5DFA812369F37FFD1755CA396C471CCEBC16B19DAEC09A1442287BCE01BD2BDC7603A2B86DF587FDAFA3EDEF4DA3E9D76E8B8194D24E696DCCA329CDD1429DE', 32, 12, 2, '2023-10-31 18:20:23', NULL, 'neaktivan'),
	(214, 'Irfan', 'Vilašević', 'Vilašević Irfan', '61700', '032/699-700', 'v.irfan@epbih.ba', 'A5DFA812369F37FFD1755CA396C471CCEBC16B19DAEC09A1442287BCE01BD2BDC7603A2B86DF587FDAFA3EDEF4DA3E9D76E8B8194D24E696DCCA329CDD1429DE', 45, 39, 38, '2023-10-31 18:20:23', NULL, 'neaktivan'),
	(215, 'Amina', 'Alibašić', 'Alibašić Amina', '1640', '032/449-640', 'a.alibasic@epbih.ba', 'A5DFA812369F37FFD1755CA396C471CCEBC16B19DAEC09A1442287BCE01BD2BDC7603A2B86DF587FDAFA3EDEF4DA3E9D76E8B8194D24E696DCCA329CDD1429DE', 46, 40, 2, '2023-10-31 18:20:23', NULL, 'neaktivan'),
	(216, 'Derviša', 'Kalčo', 'Kalčo Derviša', '1640', '032/449-640', 'd.kalco@epbih.ba', 'A5DFA812369F37FFD1755CA396C471CCEBC16B19DAEC09A1442287BCE01BD2BDC7603A2B86DF587FDAFA3EDEF4DA3E9D76E8B8194D24E696DCCA329CDD1429DE', 48, 24, 2, '2023-10-31 18:20:23', NULL, 'neaktivan'),
	(217, 'Emira', 'Brajlović', 'Brajlović Emira', '1625', '032/449-625', 'em.brajlovic@epbih.ba', 'A5DFA812369F37FFD1755CA396C471CCEBC16B19DAEC09A1442287BCE01BD2BDC7603A2B86DF587FDAFA3EDEF4DA3E9D76E8B8194D24E696DCCA329CDD1429DE', 47, 31, 2, '2023-10-31 18:20:23', NULL, 'neaktivan'),
	(218, 'Mahir', 'Nurudinović', 'Nurudinović Mahir', '', '', 'm.nurudinovic@epbih.ba', 'A5DFA812369F37FFD1755CA396C471CCEBC16B19DAEC09A1442287BCE01BD2BDC7603A2B86DF587FDAFA3EDEF4DA3E9D76E8B8194D24E696DCCA329CDD1429DE', 52, 44, 36, '2023-10-31 18:20:23', NULL, 'neaktivan'),
	(219, 'Sanel', 'Begić', 'Begić Sanel', '', '', 's.begic@epbih.ba', 'A5DFA812369F37FFD1755CA396C471CCEBC16B19DAEC09A1442287BCE01BD2BDC7603A2B86DF587FDAFA3EDEF4DA3E9D76E8B8194D24E696DCCA329CDD1429DE', 51, 45, 36, '2023-10-31 18:20:23', NULL, 'neaktivan'),
	(220, 'Nijaz', 'Ćosić', 'Ćosić Nijaz', '', '', 'n.cosic@epbih.ba', 'A5DFA812369F37FFD1755CA396C471CCEBC16B19DAEC09A1442287BCE01BD2BDC7603A2B86DF587FDAFA3EDEF4DA3E9D76E8B8194D24E696DCCA329CDD1429DE', 51, 44, 36, '2023-10-31 18:20:23', NULL, 'neaktivan'),
	(221, 'Emir', 'Hrnjić', 'Hrnjić Emir', '', '', 'e.hrnjic@epbih.ba', 'CF83E1357EEFB8BDF1542850D66D8007D620E4050B5715DC83F4A921D36CE9CE47D0D13C5D85F2B0FF8318D2877EEC2F63B931BD47417A81A538327AF927DA3E', 45, 54, 36, '2023-10-31 18:20:23', NULL, 'neaktivan'),
	(222, 'Hasan', 'Blažević', 'Blažević Hasan', '', '', 'h.blazevic@epbih.ba', 'A5DFA812369F37FFD1755CA396C471CCEBC16B19DAEC09A1442287BCE01BD2BDC7603A2B86DF587FDAFA3EDEF4DA3E9D76E8B8194D24E696DCCA329CDD1429DE', 50, 45, 36, '2023-10-31 18:20:23', NULL, 'neaktivan'),
	(223, 'Omer', 'Dedić', 'Dedić Omer', '', '', 'o.dedic@epbih.ba', 'A5DFA812369F37FFD1755CA396C471CCEBC16B19DAEC09A1442287BCE01BD2BDC7603A2B86DF587FDAFA3EDEF4DA3E9D76E8B8194D24E696DCCA329CDD1429DE', 50, 44, 36, '2023-10-31 18:20:23', NULL, 'neaktivan'),
	(224, 'Amina', 'Šabanović', 'Šabanović Amina', '', '', 'a.sabanovic@epbih.ba', 'A5DFA812369F37FFD1755CA396C471CCEBC16B19DAEC09A1442287BCE01BD2BDC7603A2B86DF587FDAFA3EDEF4DA3E9D76E8B8194D24E696DCCA329CDD1429DE', 49, 32, 36, '2023-10-31 18:20:23', NULL, 'neaktivan'),
	(225, 'Adisa', 'Aslani', 'Aslani Adisa', '', '', 'a.aslani@epbih.ba', 'A5DFA812369F37FFD1755CA396C471CCEBC16B19DAEC09A1442287BCE01BD2BDC7603A2B86DF587FDAFA3EDEF4DA3E9D76E8B8194D24E696DCCA329CDD1429DE', 97, 57, 39, '2023-10-31 18:20:23', NULL, 'neaktivan'),
	(226, 'Nedžad', 'Begić', 'Begić Nedžad', '', '', 'nedz.begic@epbih.ba', 'A5DFA812369F37FFD1755CA396C471CCEBC16B19DAEC09A1442287BCE01BD2BDC7603A2B86DF587FDAFA3EDEF4DA3E9D76E8B8194D24E696DCCA329CDD1429DE', 51, 44, 39, '2023-10-31 18:20:23', NULL, 'neaktivan'),
	(227, 'Elvedina', 'Subašić', 'Subašić Elvedina', '', '', 'elv.subasic@epbih.ba', 'A5DFA812369F37FFD1755CA396C471CCEBC16B19DAEC09A1442287BCE01BD2BDC7603A2B86DF587FDAFA3EDEF4DA3E9D76E8B8194D24E696DCCA329CDD1429DE', 56, 32, 39, '2023-10-31 18:20:23', NULL, 'neaktivan'),
	(228, 'Vehid', 'Veispahić', 'Vehid Veispahić', '', '', 'v.veispahic@epbih.ba', 'A5DFA812369F37FFD1755CA396C471CCEBC16B19DAEC09A1442287BCE01BD2BDC7603A2B86DF587FDAFA3EDEF4DA3E9D76E8B8194D24E696DCCA329CDD1429DE', 55, 46, 39, '2023-10-31 18:20:23', NULL, 'neaktivan'),
	(229, 'Binela', 'Trako', 'Trako Binela', '', '', 'b.trako@epbih.ba', 'A5DFA812369F37FFD1755CA396C471CCEBC16B19DAEC09A1442287BCE01BD2BDC7603A2B86DF587FDAFA3EDEF4DA3E9D76E8B8194D24E696DCCA329CDD1429DE', 54, 31, 39, '2023-10-31 18:20:23', NULL, 'neaktivan'),
	(230, 'Edina', 'Mehanović', 'Mehanović Edina', '', '', 'e.mehanovic@epbih.ba', '46BA74B0B0C2008A4CEBFAB218A713F46486305777B6FE3AD8D13003F9D551B1754EABD8984F63D93F366E793C8913670E5BC113CCEB0CC3D9970F0904C66D54', 53, 41, 39, '2023-10-31 18:20:23', NULL, 'neaktivan'),
	(231, 'Mahir', 'Lopo', 'Lopo Mahir', '', '', 'ma.lopo@epbih.ba', 'A5DFA812369F37FFD1755CA396C471CCEBC16B19DAEC09A1442287BCE01BD2BDC7603A2B86DF587FDAFA3EDEF4DA3E9D76E8B8194D24E696DCCA329CDD1429DE', 65, 44, 39, '2023-10-31 18:20:23', NULL, 'neaktivan'),
	(232, 'Adnan', 'Husika', 'Husika Adnan', '', '', 'ad.husika@epbih.ba', 'A5DFA812369F37FFD1755CA396C471CCEBC16B19DAEC09A1442287BCE01BD2BDC7603A2B86DF587FDAFA3EDEF4DA3E9D76E8B8194D24E696DCCA329CDD1429DE', 45, 46, 39, '2023-10-31 18:20:23', NULL, 'neaktivan'),
	(233, 'Indira', 'Čaluk', 'Čaluk Indira', '', '', 'i.caluk@epbih.ba', 'A5DFA812369F37FFD1755CA396C471CCEBC16B19DAEC09A1442287BCE01BD2BDC7603A2B86DF587FDAFA3EDEF4DA3E9D76E8B8194D24E696DCCA329CDD1429DE', 57, 32, 39, '2023-10-31 18:20:23', NULL, 'neaktivan'),
	(234, 'Zijad', 'Kovač', 'Kovač Zijad', '', '', 'zi.kovac@epbih.ba', 'A5DFA812369F37FFD1755CA396C471CCEBC16B19DAEC09A1442287BCE01BD2BDC7603A2B86DF587FDAFA3EDEF4DA3E9D76E8B8194D24E696DCCA329CDD1429DE', 58, 43, 39, '2023-10-31 18:20:23', NULL, 'neaktivan'),
	(235, 'Džemal', 'Pačariz', 'Pačariz Džemal', '', '', 'dz.pacariz@epbih.ba', 'A5DFA812369F37FFD1755CA396C471CCEBC16B19DAEC09A1442287BCE01BD2BDC7603A2B86DF587FDAFA3EDEF4DA3E9D76E8B8194D24E696DCCA329CDD1429DE', 50, 45, 39, '2023-10-31 18:20:23', NULL, 'neaktivan'),
	(236, 'Amir', 'Bužo', 'Bužo Amir', '1513', '032/449-1515', 'a.buzo@epbih.ba', 'A5DFA812369F37FFD1755CA396C471CCEBC16B19DAEC09A1442287BCE01BD2BDC7603A2B86DF587FDAFA3EDEF4DA3E9D76E8B8194D24E696DCCA329CDD1429DE', 76, 36, 37, '2023-11-03 14:20:30', NULL, 'neaktivan'),
	(237, 'Amir', 'Hasagić', 'Hasagić Amir', '1569', '032/449-569', 'am.hasagic@epbih.ba', 'A5DFA812369F37FFD1755CA396C471CCEBC16B19DAEC09A1442287BCE01BD2BDC7603A2B86DF587FDAFA3EDEF4DA3E9D76E8B8194D24E696DCCA329CDD1429DE', 98, 36, 2, '2023-11-03 14:21:49', NULL, 'neaktivan'),
	(238, 'Laris', 'Maglić', 'Maglić Laris', '1517', '032/449-517', 'l.maglic@epbih.ba', 'A5DFA812369F37FFD1755CA396C471CCEBC16B19DAEC09A1442287BCE01BD2BDC7603A2B86DF587FDAFA3EDEF4DA3E9D76E8B8194D24E696DCCA329CDD1429DE', 9, 37, 37, '2023-11-03 14:22:45', NULL, 'neaktivan'),
	(239, 'Sanel', 'Golić', 'Golić Sanel', '1522', '032/449-522', 's.golic@epbih.ba', 'A5DFA812369F37FFD1755CA396C471CCEBC16B19DAEC09A1442287BCE01BD2BDC7603A2B86DF587FDAFA3EDEF4DA3E9D76E8B8194D24E696DCCA329CDD1429DE', 77, 37, 37, '2023-11-03 14:23:37', NULL, 'neaktivan'),
	(240, 'Selma', 'Bečić', 'Bečić Selma', '1662', '032/449-662', 's.becic@epbih.ba', 'A5DFA812369F37FFD1755CA396C471CCEBC16B19DAEC09A1442287BCE01BD2BDC7603A2B86DF587FDAFA3EDEF4DA3E9D76E8B8194D24E696DCCA329CDD1429DE', 53, 41, 37, '2023-11-03 14:24:22', NULL, 'neaktivan'),
	(241, 'Arzija', 'Hrustić', 'Hrustić Arzija', '1662', '032/449-662', 'ar.hrustic@epbih.ba', 'A5DFA812369F37FFD1755CA396C471CCEBC16B19DAEC09A1442287BCE01BD2BDC7603A2B86DF587FDAFA3EDEF4DA3E9D76E8B8194D24E696DCCA329CDD1429DE', 53, 41, 37, '2023-11-03 14:25:02', NULL, 'neaktivan'),
	(242, 'Edib', 'Vražalić', 'Vražalić Edib', '1504', '032/449-504', 'e.vrazalic@epbih.ba', 'A5DFA812369F37FFD1755CA396C471CCEBC16B19DAEC09A1442287BCE01BD2BDC7603A2B86DF587FDAFA3EDEF4DA3E9D76E8B8194D24E696DCCA329CDD1429DE', 76, 42, 37, '2023-11-03 14:26:50', NULL, 'neaktivan'),
	(243, 'Rizah', 'Kos', 'Kos Rizah', '1520', '032/449-520', 'r.kos@epbih.ba', 'A5DFA812369F37FFD1755CA396C471CCEBC16B19DAEC09A1442287BCE01BD2BDC7603A2B86DF587FDAFA3EDEF4DA3E9D76E8B8194D24E696DCCA329CDD1429DE', 50, 42, 37, '2023-11-03 14:27:29', NULL, 'neaktivan'),
	(244, 'Muhamed', 'Družić', 'Družić Muhamed', '1529', '032/449-529', 'm.druzic@epbih.ba', 'A5DFA812369F37FFD1755CA396C471CCEBC16B19DAEC09A1442287BCE01BD2BDC7603A2B86DF587FDAFA3EDEF4DA3E9D76E8B8194D24E696DCCA329CDD1429DE', 52, 42, 37, '2023-11-03 14:28:10', NULL, 'neaktivan'),
	(245, 'Muris', 'Pašalić', 'Pašalić Muris', '1521', '032/449-521', 'mu.pasalic@epbih.ba', 'A5DFA812369F37FFD1755CA396C471CCEBC16B19DAEC09A1442287BCE01BD2BDC7603A2B86DF587FDAFA3EDEF4DA3E9D76E8B8194D24E696DCCA329CDD1429DE', 52, 42, 37, '2023-11-03 14:28:45', NULL, 'neaktivan'),
	(246, 'Nedim', 'Alić', 'Alić Nedim', '1547', '032/449-547', 'ne.alic@epbih.ba', 'A5DFA812369F37FFD1755CA396C471CCEBC16B19DAEC09A1442287BCE01BD2BDC7603A2B86DF587FDAFA3EDEF4DA3E9D76E8B8194D24E696DCCA329CDD1429DE', 63, 42, 37, '2023-11-03 14:29:17', NULL, 'neaktivan'),
	(247, 'Haris', 'Burić', 'Burić Haris', '1544', '032/449-544', 'h.buric@epbih.ba', 'A5DFA812369F37FFD1755CA396C471CCEBC16B19DAEC09A1442287BCE01BD2BDC7603A2B86DF587FDAFA3EDEF4DA3E9D76E8B8194D24E696DCCA329CDD1429DE', 51, 44, 37, '2023-11-03 14:29:53', NULL, 'neaktivan'),
	(248, 'Haris', 'Kulić', 'Kulić Haris', '1544', '032/449-544', 'h.kulic@epbih.ba', 'A5DFA812369F37FFD1755CA396C471CCEBC16B19DAEC09A1442287BCE01BD2BDC7603A2B86DF587FDAFA3EDEF4DA3E9D76E8B8194D24E696DCCA329CDD1429DE', 61, 43, 37, '2023-11-03 14:30:38', NULL, 'neaktivan'),
	(249, 'Slobodan', 'Vasiljević', 'Vasiljević Slobodan', '1537', '032/449-537', 's.vasiljevic@epbih.ba', 'A5DFA812369F37FFD1755CA396C471CCEBC16B19DAEC09A1442287BCE01BD2BDC7603A2B86DF587FDAFA3EDEF4DA3E9D76E8B8194D24E696DCCA329CDD1429DE', 68, 44, 37, '2023-11-03 14:31:43', NULL, 'neaktivan'),
	(250, 'Adnan', 'Mlinarić', 'Mlinarić Adnan', '1546', '032/449-546', 'a.mlinaric@epbih.ba', 'A5DFA812369F37FFD1755CA396C471CCEBC16B19DAEC09A1442287BCE01BD2BDC7603A2B86DF587FDAFA3EDEF4DA3E9D76E8B8194D24E696DCCA329CDD1429DE', 68, 44, 37, '2023-11-03 14:32:32', NULL, 'neaktivan'),
	(251, 'Suad', 'Jaran', 'Jaran Suad', '1530', '032/449-530', 'su.jaran@epbih.ba', 'A5DFA812369F37FFD1755CA396C471CCEBC16B19DAEC09A1442287BCE01BD2BDC7603A2B86DF587FDAFA3EDEF4DA3E9D76E8B8194D24E696DCCA329CDD1429DE', 51, 44, 37, '2023-11-03 14:33:10', NULL, 'neaktivan'),
	(252, 'Tarik', 'Čerim', 'Čerim Tarik', '1521', '032/449-521', 'ta.cerim@epbih.ba', 'A5DFA812369F37FFD1755CA396C471CCEBC16B19DAEC09A1442287BCE01BD2BDC7603A2B86DF587FDAFA3EDEF4DA3E9D76E8B8194D24E696DCCA329CDD1429DE', 50, 45, 37, '2023-11-03 14:33:53', NULL, 'neaktivan'),
	(253, 'Mustafa', 'Pašalić', 'Pašalić Mustafa', '1523', '032/449-523', 'm.pasalic@epbih.ba', 'A5DFA812369F37FFD1755CA396C471CCEBC16B19DAEC09A1442287BCE01BD2BDC7603A2B86DF587FDAFA3EDEF4DA3E9D76E8B8194D24E696DCCA329CDD1429DE', 51, 45, 37, '2023-11-03 14:34:36', NULL, 'neaktivan'),
	(254, 'Ranko', 'Lazić', 'Lazić Ranko', '1671', '032/449-671', 'r.lazic@epbih.ba', 'A5DFA812369F37FFD1755CA396C471CCEBC16B19DAEC09A1442287BCE01BD2BDC7603A2B86DF587FDAFA3EDEF4DA3E9D76E8B8194D24E696DCCA329CDD1429DE', 51, 45, 37, '2023-11-03 14:35:14', NULL, 'neaktivan'),
	(255, 'Mensud', 'Durmić', 'Durmić Mensud', '1638', '032/449-638', 'm.durmic@epbih.ba', 'A5DFA812369F37FFD1755CA396C471CCEBC16B19DAEC09A1442287BCE01BD2BDC7603A2B86DF587FDAFA3EDEF4DA3E9D76E8B8194D24E696DCCA329CDD1429DE', 8, 23, 2, '2023-11-03 14:36:00', NULL, 'neaktivan'),
	(256, 'Nedim', 'Islambegović', 'Islambegović Nedim', '1628', '032/449-628', 'n.islambegovic@epbih.ba', 'A5DFA812369F37FFD1755CA396C471CCEBC16B19DAEC09A1442287BCE01BD2BDC7603A2B86DF587FDAFA3EDEF4DA3E9D76E8B8194D24E696DCCA329CDD1429DE', 9, 24, 2, '2023-11-03 14:36:44', NULL, 'neaktivan'),
	(257, 'Alma', 'Šečerović', 'Šečerović Alma', '1634', '032/449-634', 'a.secerovic@epbih.ba', 'A5DFA812369F37FFD1755CA396C471CCEBC16B19DAEC09A1442287BCE01BD2BDC7603A2B86DF587FDAFA3EDEF4DA3E9D76E8B8194D24E696DCCA329CDD1429DE', 48, 24, 2, '2023-11-03 14:37:22', NULL, 'neaktivan'),
	(258, 'Džanan', 'Frndić', 'Frndić Džanan', '1637', '032/449-637', 'dz.frndic@epbih.ba', 'A5DFA812369F37FFD1755CA396C471CCEBC16B19DAEC09A1442287BCE01BD2BDC7603A2B86DF587FDAFA3EDEF4DA3E9D76E8B8194D24E696DCCA329CDD1429DE', 48, 24, 2, '2023-11-03 14:37:55', NULL, 'neaktivan'),
	(259, 'Samra', 'Verlašević', 'Verlašević Samra', '1637', '032/449-637', 's.verlasevic@epbih.ba', 'A5DFA812369F37FFD1755CA396C471CCEBC16B19DAEC09A1442287BCE01BD2BDC7603A2B86DF587FDAFA3EDEF4DA3E9D76E8B8194D24E696DCCA329CDD1429DE', 81, 24, 2, '2023-11-03 14:38:35', NULL, 'neaktivan'),
	(260, 'Elma', 'Frkatović', 'Frkatović Elma', '1639', '032/449-639', 'e.frkatovic@epbih.ba', 'A5DFA812369F37FFD1755CA396C471CCEBC16B19DAEC09A1442287BCE01BD2BDC7603A2B86DF587FDAFA3EDEF4DA3E9D76E8B8194D24E696DCCA329CDD1429DE', 81, 24, 2, '2023-11-03 14:39:11', NULL, 'neaktivan'),
	(261, 'Vikica', 'Vujica', 'Vujica Vikica', '1630', '032/449-630', 'v.vujica@epbih.ba', 'A5DFA812369F37FFD1755CA396C471CCEBC16B19DAEC09A1442287BCE01BD2BDC7603A2B86DF587FDAFA3EDEF4DA3E9D76E8B8194D24E696DCCA329CDD1429DE', 48, 24, 2, '2023-11-03 14:39:51', NULL, 'neaktivan'),
	(262, 'Melita', 'Burkić', 'Burkić Melita', '1631', '032/449-631', 'm.burkic@epbih.ba', 'A5DFA812369F37FFD1755CA396C471CCEBC16B19DAEC09A1442287BCE01BD2BDC7603A2B86DF587FDAFA3EDEF4DA3E9D76E8B8194D24E696DCCA329CDD1429DE', 86, 24, 2, '2023-11-03 14:40:27', NULL, 'neaktivan'),
	(263, 'Ilma', 'Kopić', 'Kopić Ilma', '1629', '032/449-629', 'i.kopic@epbih.ba', 'A5DFA812369F37FFD1755CA396C471CCEBC16B19DAEC09A1442287BCE01BD2BDC7603A2B86DF587FDAFA3EDEF4DA3E9D76E8B8194D24E696DCCA329CDD1429DE', 48, 24, 2, '2023-11-03 14:42:06', NULL, 'neaktivan'),
	(264, 'Benaris', 'Kahriman', 'Kahriman Benaris', '1687', '032/449-687', 'be.kahriman@epbih.ba', 'A5DFA812369F37FFD1755CA396C471CCEBC16B19DAEC09A1442287BCE01BD2BDC7603A2B86DF587FDAFA3EDEF4DA3E9D76E8B8194D24E696DCCA329CDD1429DE', 43, 24, 2, '2023-11-03 14:42:43', NULL, 'neaktivan'),
	(265, 'Meliha', 'Bečić', 'Bečić Meliha', '1633', '032/449-633', 'me.becic@epbih.ba', 'A5DFA812369F37FFD1755CA396C471CCEBC16B19DAEC09A1442287BCE01BD2BDC7603A2B86DF587FDAFA3EDEF4DA3E9D76E8B8194D24E696DCCA329CDD1429DE', 43, 24, 2, '2023-11-03 14:43:20', NULL, 'neaktivan'),
	(266, 'Hadis', 'Zukić', 'Zukić Hadis', '1641', '032/449-641', 'ha.zukic@epbih.ba', 'A5DFA812369F37FFD1755CA396C471CCEBC16B19DAEC09A1442287BCE01BD2BDC7603A2B86DF587FDAFA3EDEF4DA3E9D76E8B8194D24E696DCCA329CDD1429DE', 43, 24, 2, '2023-11-03 14:45:11', NULL, 'neaktivan'),
	(267, 'Edmir', 'Vranić', 'Vranić Edmir', '1508', '032/449-508', 'e.vranic@epbih.ba', 'A5DFA812369F37FFD1755CA396C471CCEBC16B19DAEC09A1442287BCE01BD2BDC7603A2B86DF587FDAFA3EDEF4DA3E9D76E8B8194D24E696DCCA329CDD1429DE', 41, 25, 37, '2023-11-03 14:47:08', NULL, 'neaktivan'),
	(268, 'Mirsada', 'Sarajlić', 'Sarajlić Mirsada', '1645', '032/449-645', 'mi.sarajlic@epbih.ba', 'A5DFA812369F37FFD1755CA396C471CCEBC16B19DAEC09A1442287BCE01BD2BDC7603A2B86DF587FDAFA3EDEF4DA3E9D76E8B8194D24E696DCCA329CDD1429DE', 95, 27, 2, '2023-11-03 14:48:21', NULL, 'neaktivan'),
	(269, 'Alma', 'Kišija', 'Kišija Alma', '1632', '032/449-632', 'a.kisija@epbih.ba', 'D9CD52E1833BF09101091159DC6536432386CFDCF3BF150D3E74EC89C78C9176ECBDD38CAF2460903CE1FB9ECCC774B8D868CD8E812DCE9CDE7E843D1C9C33D3', 95, 27, 2, '2023-11-03 14:49:18', NULL, 'neaktivan'),
	(270, 'Nisveta', 'Škaljo', 'Škaljo Nisveta', '1647', '032/449-647', 'n.skaljo@epbih.ba', 'A5DFA812369F37FFD1755CA396C471CCEBC16B19DAEC09A1442287BCE01BD2BDC7603A2B86DF587FDAFA3EDEF4DA3E9D76E8B8194D24E696DCCA329CDD1429DE', 83, 27, 2, '2023-11-03 14:50:06', NULL, 'neaktivan'),
	(271, 'Edina', 'Kubat', 'Kubat Edina', '1646', '032/449-646', 'e.kubat@epbih.ba', 'A5DFA812369F37FFD1755CA396C471CCEBC16B19DAEC09A1442287BCE01BD2BDC7603A2B86DF587FDAFA3EDEF4DA3E9D76E8B8194D24E696DCCA329CDD1429DE', 82, 27, 2, '2023-11-03 14:50:44', NULL, 'neaktivan'),
	(272, 'Armin', 'Miskić', 'Miskić Armin', '1673', '032/449-673', 'ar.miskic@epbih.ba', 'A5DFA812369F37FFD1755CA396C471CCEBC16B19DAEC09A1442287BCE01BD2BDC7603A2B86DF587FDAFA3EDEF4DA3E9D76E8B8194D24E696DCCA329CDD1429DE', 9, 28, 2, '2023-11-03 14:51:26', NULL, 'neaktivan'),
	(273, 'Kenan', 'Prguda', 'Prguda Kenan', '1620', '032/449-620', 'k.prguda@epbih.ba', 'A5DFA812369F37FFD1755CA396C471CCEBC16B19DAEC09A1442287BCE01BD2BDC7603A2B86DF587FDAFA3EDEF4DA3E9D76E8B8194D24E696DCCA329CDD1429DE', 87, 28, 2, '2023-11-03 14:51:56', NULL, 'neaktivan'),
	(274, 'Muris', 'Isaković', 'Isaković Muris', '1643', '032/449-643', 'mu.isakovic@epbih.ba', 'A5DFA812369F37FFD1755CA396C471CCEBC16B19DAEC09A1442287BCE01BD2BDC7603A2B86DF587FDAFA3EDEF4DA3E9D76E8B8194D24E696DCCA329CDD1429DE', 85, 28, 2, '2023-11-03 14:52:23', NULL, 'neaktivan'),
	(275, 'Senada', 'Hrvić', 'Hrvić Senada', '1643', '032/449-643', 's.hrvic@epbih.ba', 'A5DFA812369F37FFD1755CA396C471CCEBC16B19DAEC09A1442287BCE01BD2BDC7603A2B86DF587FDAFA3EDEF4DA3E9D76E8B8194D24E696DCCA329CDD1429DE', 80, 28, 2, '2023-11-03 14:52:50', NULL, 'neaktivan'),
	(276, 'Emina', 'Serdarević', 'Serdarević Emina', '1667', '032/449-667', 'e.serdarevic@epbih.ba', 'A5DFA812369F37FFD1755CA396C471CCEBC16B19DAEC09A1442287BCE01BD2BDC7603A2B86DF587FDAFA3EDEF4DA3E9D76E8B8194D24E696DCCA329CDD1429DE', 99, 28, 2, '2023-11-03 14:53:51', NULL, 'neaktivan'),
	(277, 'Haris', 'Imamović', 'Imamović Haris', '1668', '032/449-668', 'ha.imamovic@epbih.ba', 'A5DFA812369F37FFD1755CA396C471CCEBC16B19DAEC09A1442287BCE01BD2BDC7603A2B86DF587FDAFA3EDEF4DA3E9D76E8B8194D24E696DCCA329CDD1429DE', 96, 59, 2, '2023-11-03 14:54:36', NULL, 'neaktivan'),
	(278, 'Zlatan', 'Hadžić', 'Hadžić Zlatan', '1601', '032/449-601', 'z.hadzic@epbih.ba', 'A5DFA812369F37FFD1755CA396C471CCEBC16B19DAEC09A1442287BCE01BD2BDC7603A2B86DF587FDAFA3EDEF4DA3E9D76E8B8194D24E696DCCA329CDD1429DE', 12, 19, 2, '2023-11-03 22:18:37', NULL, 'neaktivan'),
	(279, 'Amna', 'Nalić', 'Nalić Amna', '', '', 'a.nalic@epbih.ba', 'A5DFA812369F37FFD1755CA396C471CCEBC16B19DAEC09A1442287BCE01BD2BDC7603A2B86DF587FDAFA3EDEF4DA3E9D76E8B8194D24E696DCCA329CDD1429DE', 65, 44, 35, '2023-11-07 13:06:55', NULL, 'neaktivan'),
	(280, 'Azra', 'Bašić', 'Bašić Azra', '', '', 'az.basic@epbih.ba', 'A5DFA812369F37FFD1755CA396C471CCEBC16B19DAEC09A1442287BCE01BD2BDC7603A2B86DF587FDAFA3EDEF4DA3E9D76E8B8194D24E696DCCA329CDD1429DE', 60, 30, 35, '2023-11-07 13:19:15', NULL, 'neaktivan'),
	(281, 'Edin', 'Mečević', 'Mečević Edin', '', '', 'e.mecevic@epbih.ba', 'A5DFA812369F37FFD1755CA396C471CCEBC16B19DAEC09A1442287BCE01BD2BDC7603A2B86DF587FDAFA3EDEF4DA3E9D76E8B8194D24E696DCCA329CDD1429DE', 50, 45, 35, '2023-11-07 13:19:45', NULL, 'neaktivan'),
	(282, 'Faruk', 'Hidić', 'Hidić Faruk', '', '', 'f.hidic@epbih.ba', 'A5DFA812369F37FFD1755CA396C471CCEBC16B19DAEC09A1442287BCE01BD2BDC7603A2B86DF587FDAFA3EDEF4DA3E9D76E8B8194D24E696DCCA329CDD1429DE', 45, 47, 35, '2023-11-07 13:20:30', NULL, 'neaktivan'),
	(283, 'Mersiha', 'Mehinagić', 'Mehinagić Mersiha', '', '', 'm.mehinagic@epbih.ba', 'A5DFA812369F37FFD1755CA396C471CCEBC16B19DAEC09A1442287BCE01BD2BDC7603A2B86DF587FDAFA3EDEF4DA3E9D76E8B8194D24E696DCCA329CDD1429DE', 100, 60, 35, '2023-11-07 13:22:10', NULL, 'neaktivan'),
	(284, 'Sabira', 'Smajlović - Mahmić', 'Smajlović - Mahmić Sabira', '', '', 's.smajlovic@epbih.ba', 'A5DFA812369F37FFD1755CA396C471CCEBC16B19DAEC09A1442287BCE01BD2BDC7603A2B86DF587FDAFA3EDEF4DA3E9D76E8B8194D24E696DCCA329CDD1429DE', 56, 32, 35, '2023-11-07 13:27:39', NULL, 'neaktivan'),
	(285, 'Safet', 'Pridjelčić', 'Pridjelčić Safet', '', '', 'sa.pridjelcic@epbih.ba', 'A5DFA812369F37FFD1755CA396C471CCEBC16B19DAEC09A1442287BCE01BD2BDC7603A2B86DF587FDAFA3EDEF4DA3E9D76E8B8194D24E696DCCA329CDD1429DE', 61, 43, 35, '2023-11-07 13:28:08', NULL, 'neaktivan'),
	(286, 'Sead', 'Huselja', 'Huselja Sead', '', '', 's.huselja@epbih.ba', 'A5DFA812369F37FFD1755CA396C471CCEBC16B19DAEC09A1442287BCE01BD2BDC7603A2B86DF587FDAFA3EDEF4DA3E9D76E8B8194D24E696DCCA329CDD1429DE', 59, 47, 35, '2023-11-07 13:28:59', NULL, 'neaktivan'),
	(287, 'Senad', 'Ćatić', 'Ćatić Senad', '', '', 'se.catic@epbih.ba', 'A5DFA812369F37FFD1755CA396C471CCEBC16B19DAEC09A1442287BCE01BD2BDC7603A2B86DF587FDAFA3EDEF4DA3E9D76E8B8194D24E696DCCA329CDD1429DE', 41, 25, 35, '2023-11-07 13:29:23', NULL, 'neaktivan'),
	(288, 'Almir', 'Mehinagić', 'Mehinagić Almir', '', '', 'al.mehinagic@epbih.ba', 'A5DFA812369F37FFD1755CA396C471CCEBC16B19DAEC09A1442287BCE01BD2BDC7603A2B86DF587FDAFA3EDEF4DA3E9D76E8B8194D24E696DCCA329CDD1429DE', 65, 39, 38, '2023-11-07 13:30:33', NULL, 'neaktivan'),
	(289, 'Dijana', 'Tokmić', 'Tokmić Dijana', '', '', 'd.tokmic@epbih.ba', 'A5DFA812369F37FFD1755CA396C471CCEBC16B19DAEC09A1442287BCE01BD2BDC7603A2B86DF587FDAFA3EDEF4DA3E9D76E8B8194D24E696DCCA329CDD1429DE', 49, 32, 38, '2023-11-07 13:31:16', NULL, 'neaktivan'),
	(290, 'Edin', 'Ahmić', 'Ahmić Edin', '', '', 'e.ahmic@epbih.ba', 'A5DFA812369F37FFD1755CA396C471CCEBC16B19DAEC09A1442287BCE01BD2BDC7603A2B86DF587FDAFA3EDEF4DA3E9D76E8B8194D24E696DCCA329CDD1429DE', 56, 32, 38, '2023-11-07 13:31:43', NULL, 'neaktivan'),
	(291, 'Eldin', 'Rahić', 'Rahić Eldin', '', '', 'e.rahic@epbih.ba', 'A5DFA812369F37FFD1755CA396C471CCEBC16B19DAEC09A1442287BCE01BD2BDC7603A2B86DF587FDAFA3EDEF4DA3E9D76E8B8194D24E696DCCA329CDD1429DE', 50, 45, 38, '2023-11-07 13:32:19', NULL, 'neaktivan'),
	(292, 'Irfan', 'Vilašević', 'Vilašević Irfan', '', '', 'i.vilasevic@epbih.ba', 'A5DFA812369F37FFD1755CA396C471CCEBC16B19DAEC09A1442287BCE01BD2BDC7603A2B86DF587FDAFA3EDEF4DA3E9D76E8B8194D24E696DCCA329CDD1429DE', 45, 39, 38, '2023-11-07 13:33:13', NULL, 'neaktivan'),
	(293, 'Zuhdija', 'Salihbašić', 'Salihbašić Zuhdija', '', '', 'z.salihbasic@epbih.ba', 'A5DFA812369F37FFD1755CA396C471CCEBC16B19DAEC09A1442287BCE01BD2BDC7603A2B86DF587FDAFA3EDEF4DA3E9D76E8B8194D24E696DCCA329CDD1429DE', 52, 45, 38, '2023-11-07 13:34:34', NULL, 'neaktivan'),
	(294, 'Đemil', 'Muratović', 'Muratović Đemil', '', '', 'd.muratovic@epbih.ba', 'A5DFA812369F37FFD1755CA396C471CCEBC16B19DAEC09A1442287BCE01BD2BDC7603A2B86DF587FDAFA3EDEF4DA3E9D76E8B8194D24E696DCCA329CDD1429DE', 52, 45, 41, '2023-11-07 13:35:29', NULL, 'neaktivan'),
	(295, 'Dženan', 'Manso', 'Manso Dženan', '', '', 'dz.manso@epbih.ba', 'A5DFA812369F37FFD1755CA396C471CCEBC16B19DAEC09A1442287BCE01BD2BDC7603A2B86DF587FDAFA3EDEF4DA3E9D76E8B8194D24E696DCCA329CDD1429DE', 65, 48, 41, '2023-11-07 13:36:49', NULL, 'neaktivan'),
	(296, 'Ibrahim', 'Kljaić', 'Kljaić Ibrahim', '', '', 'i.kljajic@epbih.ba', 'A5DFA812369F37FFD1755CA396C471CCEBC16B19DAEC09A1442287BCE01BD2BDC7603A2B86DF587FDAFA3EDEF4DA3E9D76E8B8194D24E696DCCA329CDD1429DE', 45, 48, 41, '2023-11-07 13:37:13', NULL, 'neaktivan'),
	(297, 'Rifet', 'Biogradlija', 'Biogradlija Rifet', '', '', 'r.biogradlija@epbih.ba', 'A5DFA812369F37FFD1755CA396C471CCEBC16B19DAEC09A1442287BCE01BD2BDC7603A2B86DF587FDAFA3EDEF4DA3E9D76E8B8194D24E696DCCA329CDD1429DE', 65, 48, 41, '2023-11-07 13:37:47', NULL, 'neaktivan'),
	(298, 'Sehveta', 'Muminović', 'Muminović Sehveta', '', '', 'se.muminovic@epbih.ba', 'A5DFA812369F37FFD1755CA396C471CCEBC16B19DAEC09A1442287BCE01BD2BDC7603A2B86DF587FDAFA3EDEF4DA3E9D76E8B8194D24E696DCCA329CDD1429DE', 54, 31, 41, '2023-11-07 13:38:25', NULL, 'neaktivan'),
	(299, 'Seid', 'Đogić', 'Đogić Seid', '', '', 's.dogic@epbih.ba', 'A5DFA812369F37FFD1755CA396C471CCEBC16B19DAEC09A1442287BCE01BD2BDC7603A2B86DF587FDAFA3EDEF4DA3E9D76E8B8194D24E696DCCA329CDD1429DE', 53, 41, 41, '2023-11-07 13:39:06', NULL, 'neaktivan'),
	(300, 'Admir', 'Šabanović', 'Šabanović Admir', '', '', 'ad.sabanovic@epbih.ba', 'A5DFA812369F37FFD1755CA396C471CCEBC16B19DAEC09A1442287BCE01BD2BDC7603A2B86DF587FDAFA3EDEF4DA3E9D76E8B8194D24E696DCCA329CDD1429DE', 50, 44, 45, '2023-11-07 13:39:48', NULL, 'neaktivan'),
	(301, 'Alija', 'Karamuratović', 'Karamuratović Alija', '', '', 'a.karamuratovic@epbih.ba', 'A5DFA812369F37FFD1755CA396C471CCEBC16B19DAEC09A1442287BCE01BD2BDC7603A2B86DF587FDAFA3EDEF4DA3E9D76E8B8194D24E696DCCA329CDD1429DE', 45, 49, 45, '2023-11-07 13:40:44', NULL, 'neaktivan'),
	(302, 'Almedin', 'Omeragić', 'Omeragić Almedin', '', '', 'a.omeragic@epbih.ba', 'A5DFA812369F37FFD1755CA396C471CCEBC16B19DAEC09A1442287BCE01BD2BDC7603A2B86DF587FDAFA3EDEF4DA3E9D76E8B8194D24E696DCCA329CDD1429DE', 50, 45, 45, '2023-11-07 13:41:13', NULL, 'neaktivan'),
	(303, 'Bahra', 'Karabegović', 'Karabegović Bahra', '', '', 'b.karabegovic@epbih.ba', 'A5DFA812369F37FFD1755CA396C471CCEBC16B19DAEC09A1442287BCE01BD2BDC7603A2B86DF587FDAFA3EDEF4DA3E9D76E8B8194D24E696DCCA329CDD1429DE', 54, 31, 45, '2023-11-07 13:42:35', NULL, 'neaktivan'),
	(304, 'Damir', 'Pihljak', 'Pihljak Damir', '', '', 'd.pihljak@epbih.ba', 'A5DFA812369F37FFD1755CA396C471CCEBC16B19DAEC09A1442287BCE01BD2BDC7603A2B86DF587FDAFA3EDEF4DA3E9D76E8B8194D24E696DCCA329CDD1429DE', 58, 43, 45, '2023-11-07 13:43:17', NULL, 'neaktivan'),
	(305, 'Denis', 'Deljkić', 'Deljkić Denis', '', '', 'd.deljkic@epbih.ba', 'A5DFA812369F37FFD1755CA396C471CCEBC16B19DAEC09A1442287BCE01BD2BDC7603A2B86DF587FDAFA3EDEF4DA3E9D76E8B8194D24E696DCCA329CDD1429DE', 54, 31, 45, '2023-11-07 13:44:02', NULL, 'neaktivan'),
	(306, 'Edin', 'Sprečo', 'Sprečo Edin', '', '', 'ed.spreco@epbih.ba', 'A5DFA812369F37FFD1755CA396C471CCEBC16B19DAEC09A1442287BCE01BD2BDC7603A2B86DF587FDAFA3EDEF4DA3E9D76E8B8194D24E696DCCA329CDD1429DE', 50, 44, 45, '2023-11-07 13:45:19', NULL, 'neaktivan'),
	(307, 'Envera', 'Pihljak', 'Pihljak Envera', '', '', 'e.karahodzic@epbih.ba', 'A5DFA812369F37FFD1755CA396C471CCEBC16B19DAEC09A1442287BCE01BD2BDC7603A2B86DF587FDAFA3EDEF4DA3E9D76E8B8194D24E696DCCA329CDD1429DE', 53, 41, 45, '2023-11-07 13:45:48', NULL, 'neaktivan'),
	(308, 'Mustafa', 'Bajrić', 'Bajrić Mustafa', '', '', 'mu.bajric@epbih.ba', 'A5DFA812369F37FFD1755CA396C471CCEBC16B19DAEC09A1442287BCE01BD2BDC7603A2B86DF587FDAFA3EDEF4DA3E9D76E8B8194D24E696DCCA329CDD1429DE', 61, 43, 45, '2023-11-07 13:46:15', NULL, 'neaktivan'),
	(309, 'Nermin', 'Katica', 'Katica Nermin', '', '', 'ne.katica@epbih.ba', 'A5DFA812369F37FFD1755CA396C471CCEBC16B19DAEC09A1442287BCE01BD2BDC7603A2B86DF587FDAFA3EDEF4DA3E9D76E8B8194D24E696DCCA329CDD1429DE', 62, 30, 45, '2023-11-07 13:47:05', NULL, 'neaktivan'),
	(310, 'Plamenko', 'Hadžić', 'Hadžić Plamenko', '', '', 'p.hadzic@epbih.ba', 'A5DFA812369F37FFD1755CA396C471CCEBC16B19DAEC09A1442287BCE01BD2BDC7603A2B86DF587FDAFA3EDEF4DA3E9D76E8B8194D24E696DCCA329CDD1429DE', 65, 44, 45, '2023-11-07 13:47:27', NULL, 'neaktivan'),
	(311, 'Adi', 'Mlivić', 'Mlivić Adi', '', '', 'a.mlivic@epbih.ba', 'A5DFA812369F37FFD1755CA396C471CCEBC16B19DAEC09A1442287BCE01BD2BDC7603A2B86DF587FDAFA3EDEF4DA3E9D76E8B8194D24E696DCCA329CDD1429DE', 45, 50, 40, '2023-11-07 13:48:14', NULL, 'neaktivan'),
	(312, 'Adin', 'Hrvat', 'Hrvat Adin', '', '', 'a.hrvat@epbih.ba', 'A5DFA812369F37FFD1755CA396C471CCEBC16B19DAEC09A1442287BCE01BD2BDC7603A2B86DF587FDAFA3EDEF4DA3E9D76E8B8194D24E696DCCA329CDD1429DE', 52, 45, 40, '2023-11-07 13:48:34', NULL, 'neaktivan'),
	(313, 'Amerita', 'Likić', 'Likić Amerita', '', '', 'a.likic@epbih.ba', 'A5DFA812369F37FFD1755CA396C471CCEBC16B19DAEC09A1442287BCE01BD2BDC7603A2B86DF587FDAFA3EDEF4DA3E9D76E8B8194D24E696DCCA329CDD1429DE', 54, 31, 40, '2023-11-07 13:49:16', NULL, 'neaktivan'),
	(314, 'Amir', 'Beganović', 'Beganović Amir', '', '', 'a.beganovic@epbih.ba', 'A5DFA812369F37FFD1755CA396C471CCEBC16B19DAEC09A1442287BCE01BD2BDC7603A2B86DF587FDAFA3EDEF4DA3E9D76E8B8194D24E696DCCA329CDD1429DE', 52, 44, 40, '2023-11-07 13:50:07', NULL, 'neaktivan'),
	(315, 'Dika', 'Hajrić', 'Hajrić Dika', '', '', 'd.hajric@epbih.ba', 'A5DFA812369F37FFD1755CA396C471CCEBC16B19DAEC09A1442287BCE01BD2BDC7603A2B86DF587FDAFA3EDEF4DA3E9D76E8B8194D24E696DCCA329CDD1429DE', 49, 32, 40, '2023-11-07 13:50:26', NULL, 'neaktivan'),
	(316, 'Fikreta', 'Cigura', 'Cigura Fikreta', '', '', 'f.cigura@epbih.ba', 'A5DFA812369F37FFD1755CA396C471CCEBC16B19DAEC09A1442287BCE01BD2BDC7603A2B86DF587FDAFA3EDEF4DA3E9D76E8B8194D24E696DCCA329CDD1429DE', 53, 41, 40, '2023-11-07 13:51:00', NULL, 'neaktivan'),
	(317, 'Alija', 'Nurudinović', 'Nurudinović Alija', '', '', 'a.nurudinovic@epbih.ba', 'A5DFA812369F37FFD1755CA396C471CCEBC16B19DAEC09A1442287BCE01BD2BDC7603A2B86DF587FDAFA3EDEF4DA3E9D76E8B8194D24E696DCCA329CDD1429DE', 55, 51, 34, '2023-11-07 13:52:22', NULL, 'neaktivan'),
	(318, 'Azemina', 'Kapo', 'Kapo Azemina', '', '', 'a.kapo@epbih.ba', 'A5DFA812369F37FFD1755CA396C471CCEBC16B19DAEC09A1442287BCE01BD2BDC7603A2B86DF587FDAFA3EDEF4DA3E9D76E8B8194D24E696DCCA329CDD1429DE', 53, 41, 34, '2023-11-07 13:52:46', NULL, 'neaktivan'),
	(319, 'Džemal', 'Dedić', 'Dedić Džemal', '', '', 'dz.dedic@epbih.ba', 'A5DFA812369F37FFD1755CA396C471CCEBC16B19DAEC09A1442287BCE01BD2BDC7603A2B86DF587FDAFA3EDEF4DA3E9D76E8B8194D24E696DCCA329CDD1429DE', 50, 36, 34, '2023-11-07 13:53:42', NULL, 'neaktivan'),
	(320, 'Enes', 'Begić', 'Begić Enes', '', '', 'en.begic@epbih.ba', 'A5DFA812369F37FFD1755CA396C471CCEBC16B19DAEC09A1442287BCE01BD2BDC7603A2B86DF587FDAFA3EDEF4DA3E9D76E8B8194D24E696DCCA329CDD1429DE', 50, 44, 34, '2023-11-07 13:54:25', NULL, 'neaktivan'),
	(321, 'Enes', 'Džindo', 'Džindo Enes', '', '', 'e.dzindo@epbih.ba', 'A5DFA812369F37FFD1755CA396C471CCEBC16B19DAEC09A1442287BCE01BD2BDC7603A2B86DF587FDAFA3EDEF4DA3E9D76E8B8194D24E696DCCA329CDD1429DE', 61, 43, 34, '2023-11-07 13:54:57', NULL, 'neaktivan'),
	(322, 'Enisa', 'Koso', 'Koso Enisa', '', '', 'e.koso@epbih.ba', 'A5DFA812369F37FFD1755CA396C471CCEBC16B19DAEC09A1442287BCE01BD2BDC7603A2B86DF587FDAFA3EDEF4DA3E9D76E8B8194D24E696DCCA329CDD1429DE', 53, 41, 34, '2023-11-07 13:55:35', NULL, 'neaktivan'),
	(323, 'Ibrahim', 'Buza', 'Buza Ibrahim', '', '', 'ib.buza@epbih.ba', 'A5DFA812369F37FFD1755CA396C471CCEBC16B19DAEC09A1442287BCE01BD2BDC7603A2B86DF587FDAFA3EDEF4DA3E9D76E8B8194D24E696DCCA329CDD1429DE', 61, 43, 34, '2023-11-07 13:56:03', NULL, 'neaktivan'),
	(324, 'Jasmin', 'Meco', 'Meco Jasmin', '', '', 'j.meco@epbih.ba', 'A5DFA812369F37FFD1755CA396C471CCEBC16B19DAEC09A1442287BCE01BD2BDC7603A2B86DF587FDAFA3EDEF4DA3E9D76E8B8194D24E696DCCA329CDD1429DE', 64, 44, 34, '2023-11-07 13:57:14', NULL, 'neaktivan'),
	(325, 'Kenan', 'Zulum', 'Zulum Kenan', '', '', 'k.zulum@epbih.ba', 'A5DFA812369F37FFD1755CA396C471CCEBC16B19DAEC09A1442287BCE01BD2BDC7603A2B86DF587FDAFA3EDEF4DA3E9D76E8B8194D24E696DCCA329CDD1429DE', 57, 32, 34, '2023-11-07 13:57:39', NULL, 'neaktivan'),
	(326, 'Meliha', 'Bukurević', 'Bukurević Meliha', '', '', 'm.bukurevic@epbih.ba', 'A5DFA812369F37FFD1755CA396C471CCEBC16B19DAEC09A1442287BCE01BD2BDC7603A2B86DF587FDAFA3EDEF4DA3E9D76E8B8194D24E696DCCA329CDD1429DE', 53, 41, 34, '2023-11-07 13:58:19', NULL, 'neaktivan'),
	(327, 'Mensur', 'Šolbić', 'Šolbić Mensur', '', '', 'm.solbic@epbih.ba', 'A5DFA812369F37FFD1755CA396C471CCEBC16B19DAEC09A1442287BCE01BD2BDC7603A2B86DF587FDAFA3EDEF4DA3E9D76E8B8194D24E696DCCA329CDD1429DE', 59, 51, 34, '2023-11-07 13:58:37', NULL, 'neaktivan'),
	(328, 'Muamer', 'Salkić', 'Salkić Muamer', '', '', 'm.salkic@epbih.ba', 'A5DFA812369F37FFD1755CA396C471CCEBC16B19DAEC09A1442287BCE01BD2BDC7603A2B86DF587FDAFA3EDEF4DA3E9D76E8B8194D24E696DCCA329CDD1429DE', 45, 51, 34, '2023-11-07 13:58:55', NULL, 'neaktivan'),
	(329, 'Seid', 'Ramić', 'Ramić Seid', '', '', 'se.ramic@epbih.ba', 'A5DFA812369F37FFD1755CA396C471CCEBC16B19DAEC09A1442287BCE01BD2BDC7603A2B86DF587FDAFA3EDEF4DA3E9D76E8B8194D24E696DCCA329CDD1429DE', 52, 44, 34, '2023-11-07 13:59:18', NULL, 'neaktivan'),
	(330, 'Selma', 'Šahinović', 'Šahinović Selma', '', '', 's.sahinovic@epbih.ba', 'A5DFA812369F37FFD1755CA396C471CCEBC16B19DAEC09A1442287BCE01BD2BDC7603A2B86DF587FDAFA3EDEF4DA3E9D76E8B8194D24E696DCCA329CDD1429DE', 66, 30, 34, '2023-11-07 14:00:02', NULL, 'neaktivan'),
	(331, 'Zaim', 'Klepo', 'Klepo Zaim', '', '', 'z.klepo@epbih.ba', 'A5DFA812369F37FFD1755CA396C471CCEBC16B19DAEC09A1442287BCE01BD2BDC7603A2B86DF587FDAFA3EDEF4DA3E9D76E8B8194D24E696DCCA329CDD1429DE', 50, 45, 34, '2023-11-07 14:00:31', NULL, 'neaktivan'),
	(332, 'Almir', 'Mušić', 'Mušić Almir', '', '', 'a.music@epbih.ba', 'A5DFA812369F37FFD1755CA396C471CCEBC16B19DAEC09A1442287BCE01BD2BDC7603A2B86DF587FDAFA3EDEF4DA3E9D76E8B8194D24E696DCCA329CDD1429DE', 52, 45, 43, '2023-11-07 14:00:59', NULL, 'neaktivan'),
	(334, 'Armina', 'Hasić', 'Hasić Armina', '', '', 'ar.hasic@epbih.ba', 'A5DFA812369F37FFD1755CA396C471CCEBC16B19DAEC09A1442287BCE01BD2BDC7603A2B86DF587FDAFA3EDEF4DA3E9D76E8B8194D24E696DCCA329CDD1429DE', 65, 44, 43, '2023-11-07 14:01:42', NULL, 'neaktivan'),
	(336, 'Edin', 'Alatović', 'Alatović Edin', '', '', 'e.alatovic@epbih.ba', 'A5DFA812369F37FFD1755CA396C471CCEBC16B19DAEC09A1442287BCE01BD2BDC7603A2B86DF587FDAFA3EDEF4DA3E9D76E8B8194D24E696DCCA329CDD1429DE', 53, 41, 43, '2023-11-07 14:02:44', NULL, 'neaktivan'),
	(337, 'Galiba', 'Osmić', 'Osmić Galiba', '', '', 'g.osmic@epbih.ba', 'A5DFA812369F37FFD1755CA396C471CCEBC16B19DAEC09A1442287BCE01BD2BDC7603A2B86DF587FDAFA3EDEF4DA3E9D76E8B8194D24E696DCCA329CDD1429DE', 53, 41, 43, '2023-11-07 14:03:12', NULL, 'neaktivan'),
	(338, 'Ismet', 'Alihodžić', 'Alihodžić Ismet', '', '', 'i.alihodzic@epbih.ba', 'A5DFA812369F37FFD1755CA396C471CCEBC16B19DAEC09A1442287BCE01BD2BDC7603A2B86DF587FDAFA3EDEF4DA3E9D76E8B8194D24E696DCCA329CDD1429DE', 68, 44, 43, '2023-11-07 14:03:34', NULL, 'neaktivan'),
	(339, 'Jasmin', 'Mujkić', 'Mujkić Jasmin', '', '', 'j.mujkic@epbih.ba', 'A5DFA812369F37FFD1755CA396C471CCEBC16B19DAEC09A1442287BCE01BD2BDC7603A2B86DF587FDAFA3EDEF4DA3E9D76E8B8194D24E696DCCA329CDD1429DE', 52, 45, 43, '2023-11-07 14:03:56', NULL, 'neaktivan'),
	(340, 'Nerina', 'Mehanović', 'Mehanović Nerina', '', '', 'n.mehanovic@epbih.ba', 'A5DFA812369F37FFD1755CA396C471CCEBC16B19DAEC09A1442287BCE01BD2BDC7603A2B86DF587FDAFA3EDEF4DA3E9D76E8B8194D24E696DCCA329CDD1429DE', 67, 31, 43, '2023-11-07 14:04:24', NULL, 'neaktivan'),
	(341, 'Refik', 'Fojnica', 'Fojnica Refik', '', '', 'r.fojnica@epbih.ba', 'A5DFA812369F37FFD1755CA396C471CCEBC16B19DAEC09A1442287BCE01BD2BDC7603A2B86DF587FDAFA3EDEF4DA3E9D76E8B8194D24E696DCCA329CDD1429DE', 50, 45, 43, '2023-11-07 14:04:48', NULL, 'neaktivan'),
	(342, 'Sadeta', 'Saletović', 'Saletović Sadeta', '', '', 's.saletovic@epbih.ba', 'A5DFA812369F37FFD1755CA396C471CCEBC16B19DAEC09A1442287BCE01BD2BDC7603A2B86DF587FDAFA3EDEF4DA3E9D76E8B8194D24E696DCCA329CDD1429DE', 61, 52, 43, '2023-11-07 14:05:35', NULL, 'neaktivan'),
	(343, 'Šemso', 'Fehrić', 'Fehrić Šemso', '', '', 'sem.fehric@epbih.ba', 'A5DFA812369F37FFD1755CA396C471CCEBC16B19DAEC09A1442287BCE01BD2BDC7603A2B86DF587FDAFA3EDEF4DA3E9D76E8B8194D24E696DCCA329CDD1429DE', 45, 52, 43, '2023-11-07 14:05:52', NULL, 'neaktivan'),
	(344, 'Vahidin', 'Čebić', 'Čebić Vahidin', '', '', 'v.cebic@epbih.ba', 'A5DFA812369F37FFD1755CA396C471CCEBC16B19DAEC09A1442287BCE01BD2BDC7603A2B86DF587FDAFA3EDEF4DA3E9D76E8B8194D24E696DCCA329CDD1429DE', 65, 44, 43, '2023-11-07 14:06:17', NULL, 'neaktivan'),
	(345, 'Željko', 'Petrov', 'Petrov Željko', '', '', 'z.petrov@epbih.ba', 'A5DFA812369F37FFD1755CA396C471CCEBC16B19DAEC09A1442287BCE01BD2BDC7603A2B86DF587FDAFA3EDEF4DA3E9D76E8B8194D24E696DCCA329CDD1429DE', 52, 45, 43, '2023-11-07 14:06:37', NULL, 'neaktivan'),
	(346, 'Dženan', 'Arnautović', 'Arnautović Dženan', '', '', 'dz.arnautovic@epbih.ba', 'A5DFA812369F37FFD1755CA396C471CCEBC16B19DAEC09A1442287BCE01BD2BDC7603A2B86DF587FDAFA3EDEF4DA3E9D76E8B8194D24E696DCCA329CDD1429DE', 65, 53, 42, '2023-11-07 14:07:34', NULL, 'neaktivan'),
	(347, 'Elvedin', 'Bajrić', 'Bajrić Elvedin', '', '', 'e.bajric@epbih.ba', 'A5DFA812369F37FFD1755CA396C471CCEBC16B19DAEC09A1442287BCE01BD2BDC7603A2B86DF587FDAFA3EDEF4DA3E9D76E8B8194D24E696DCCA329CDD1429DE', 50, 45, 42, '2023-11-07 14:08:03', NULL, 'neaktivan'),
	(348, 'Haris', 'Polimac', 'Polimac Haris', '', '', 'h.polimac@epbih.ba', 'CF83E1357EEFB8BDF1542850D66D8007D620E4050B5715DC83F4A921D36CE9CE47D0D13C5D85F2B0FF8318D2877EEC2F63B931BD47417A81A538327AF927DA3E', 65, 53, 42, '2023-11-07 14:08:39', NULL, 'neaktivan'),
	(349, 'Ibro', 'Kadrić', 'Kadrić Ibro', '', '', 'i.kadric@epbih.ba', 'A5DFA812369F37FFD1755CA396C471CCEBC16B19DAEC09A1442287BCE01BD2BDC7603A2B86DF587FDAFA3EDEF4DA3E9D76E8B8194D24E696DCCA329CDD1429DE', 45, 53, 42, '2023-11-07 14:09:04', NULL, 'neaktivan'),
	(350, 'Goran', 'Karović', 'Karović Goran', '1652', '032/449-652', 'g.karovic@epbih.ba', 'AD27CCAFBB4429CEE9F60CEAA26F213E27037107434AC50F70314AC83D1D7CCBC73966453BE06B01ECEC83B0915C27DD2A8901A292B2D55C1D6E53B779471ADC', 44, 3, 37, '2023-11-08 16:23:17', NULL, 'neaktivan'),
	(351, 'Emir', 'Džafić', 'Džafić Emir', '', '', 'e.dzafic@epbih.ba', 'A5DFA812369F37FFD1755CA396C471CCEBC16B19DAEC09A1442287BCE01BD2BDC7603A2B86DF587FDAFA3EDEF4DA3E9D76E8B8194D24E696DCCA329CDD1429DE', 65, 44, 3, '2023-11-08 16:30:37', NULL, 'neaktivan'),
	(352, 'Semir', 'Mašić', 'Mašić Semir', '', '', 's.masic@epbih.ba', 'A5DFA812369F37FFD1755CA396C471CCEBC16B19DAEC09A1442287BCE01BD2BDC7603A2B86DF587FDAFA3EDEF4DA3E9D76E8B8194D24E696DCCA329CDD1429DE', 50, 45, 41, '2023-11-08 16:38:10', NULL, 'neaktivan'),
	(353, 'Elvedina', 'Vejzagić', 'Vejzagić Elvedina', '1663', '032/449-663', 'e.vejzagic@epbih.ba', 'A5DFA812369F37FFD1755CA396C471CCEBC16B19DAEC09A1442287BCE01BD2BDC7603A2B86DF587FDAFA3EDEF4DA3E9D76E8B8194D24E696DCCA329CDD1429DE', 67, 31, 2, '2023-11-08 16:44:48', NULL, 'neaktivan'),
	(354, 'Lejla', 'Rizvić', 'Rizvić Lejla', '1659', '032/449-659', 'l.rizvic@epbih.ba', 'A5DFA812369F37FFD1755CA396C471CCEBC16B19DAEC09A1442287BCE01BD2BDC7603A2B86DF587FDAFA3EDEF4DA3E9D76E8B8194D24E696DCCA329CDD1429DE', 92, 30, 2, '2023-11-08 16:46:31', NULL, 'neaktivan'),
	(355, 'Mekrema', 'Puščul', 'Puščul Mekrema', '1660', '032/449-660', 'm.puscul@epbih.ba', 'A5DFA812369F37FFD1755CA396C471CCEBC16B19DAEC09A1442287BCE01BD2BDC7603A2B86DF587FDAFA3EDEF4DA3E9D76E8B8194D24E696DCCA329CDD1429DE', 90, 32, 2, '2023-11-08 16:49:38', NULL, 'neaktivan'),
	(356, 'Nermina', 'Pešto', 'Pešto Nermina', '1655', '032/449-655', 'n.pesto@epbih.ba', 'A5DFA812369F37FFD1755CA396C471CCEBC16B19DAEC09A1442287BCE01BD2BDC7603A2B86DF587FDAFA3EDEF4DA3E9D76E8B8194D24E696DCCA329CDD1429DE', 60, 30, 2, '2023-11-08 16:51:30', NULL, 'neaktivan'),
	(357, 'Zumra', 'Okan', 'Okan Zumra', '1655', '032/449-655', 'z.okan@epbih.ba', 'A5DFA812369F37FFD1755CA396C471CCEBC16B19DAEC09A1442287BCE01BD2BDC7603A2B86DF587FDAFA3EDEF4DA3E9D76E8B8194D24E696DCCA329CDD1429DE', 60, 30, 2, '2023-11-08 16:52:37', NULL, 'neaktivan'),
	(358, 'Asima', 'Balić', 'Balić Asima', '', '', 'a.balic@epbih.ba', 'A5DFA812369F37FFD1755CA396C471CCEBC16B19DAEC09A1442287BCE01BD2BDC7603A2B86DF587FDAFA3EDEF4DA3E9D76E8B8194D24E696DCCA329CDD1429DE', 60, 30, 43, '2023-11-08 16:55:14', NULL, 'neaktivan'),
	(359, 'Amel', 'Zejnirović', 'Zejnirović Amel', '1622', '032/449-622', 'a.zejnirovic@epbih.ba', 'A5DFA812369F37FFD1755CA396C471CCEBC16B19DAEC09A1442287BCE01BD2BDC7603A2B86DF587FDAFA3EDEF4DA3E9D76E8B8194D24E696DCCA329CDD1429DE', 10, 6, 2, '2023-11-08 17:16:32', NULL, 'neaktivan'),
	(360, 'Mirza', 'Alić', 'Alić Mirza', '1690', '032/449-690', 'm.alic@epbih.ba', 'A5DFA812369F37FFD1755CA396C471CCEBC16B19DAEC09A1442287BCE01BD2BDC7603A2B86DF587FDAFA3EDEF4DA3E9D76E8B8194D24E696DCCA329CDD1429DE', 79, 6, 2, '2023-11-08 17:19:40', NULL, 'neaktivan'),
	(361, 'Aldin', 'Čičak', 'Čičak Aldin', '', '', 'a.cicak@epbih.ba', 'A5DFA812369F37FFD1755CA396C471CCEBC16B19DAEC09A1442287BCE01BD2BDC7603A2B86DF587FDAFA3EDEF4DA3E9D76E8B8194D24E696DCCA329CDD1429DE', 50, 35, 37, '2023-11-08 17:23:46', NULL, 'neaktivan'),
	(362, 'Samir', 'Muminović', 'Muminović Samir', '', '', 's.muminovic@epbih.ba', 'A5DFA812369F37FFD1755CA396C471CCEBC16B19DAEC09A1442287BCE01BD2BDC7603A2B86DF587FDAFA3EDEF4DA3E9D76E8B8194D24E696DCCA329CDD1429DE', 10, 6, 35, '2023-11-08 17:41:05', NULL, 'neaktivan'),
	(363, 'Amela', 'Serdarević', 'Serdarević Amela', '', '', 'a.serdarevic@epbih.ba', 'CF83E1357EEFB8BDF1542850D66D8007D620E4050B5715DC83F4A921D36CE9CE47D0D13C5D85F2B0FF8318D2877EEC2F63B931BD47417A81A538327AF927DA3E', 54, 30, 2, '2023-11-08 17:45:47', NULL, 'neaktivan'),
	(364, 'Amina', 'Patiković', 'Patiković Amina', '', '', 'a.patkovic@epbih.ba', 'A5DFA812369F37FFD1755CA396C471CCEBC16B19DAEC09A1442287BCE01BD2BDC7603A2B86DF587FDAFA3EDEF4DA3E9D76E8B8194D24E696DCCA329CDD1429DE', 67, 31, 2, '2023-11-08 17:46:33', NULL, 'neaktivan'),
	(365, 'Amira', 'Pračić', 'Pračić Amira', '', '', 'a.pracic@epbih.ba', 'A5DFA812369F37FFD1755CA396C471CCEBC16B19DAEC09A1442287BCE01BD2BDC7603A2B86DF587FDAFA3EDEF4DA3E9D76E8B8194D24E696DCCA329CDD1429DE', 67, 31, 2, '2023-11-08 17:46:57', NULL, 'neaktivan'),
	(366, 'Asima', 'Mulasmajić', 'Mulasmajić Asima', '', '', 'a.mulasmajic@epbih.ba', 'A5DFA812369F37FFD1755CA396C471CCEBC16B19DAEC09A1442287BCE01BD2BDC7603A2B86DF587FDAFA3EDEF4DA3E9D76E8B8194D24E696DCCA329CDD1429DE', 67, 31, 2, '2023-11-08 17:47:22', NULL, 'neaktivan'),
	(367, 'Fata', 'Bajtarević', 'Bajtarević Fata', '', '', 'f.bajtarevic@epbih.ba', 'A5DFA812369F37FFD1755CA396C471CCEBC16B19DAEC09A1442287BCE01BD2BDC7603A2B86DF587FDAFA3EDEF4DA3E9D76E8B8194D24E696DCCA329CDD1429DE', 67, 31, 2, '2023-11-08 17:47:52', NULL, 'neaktivan'),
	(368, 'Senada', 'Fazlić', 'Fazlić Senada', '', '', 's.fazlic@epbih.ba', 'CF83E1357EEFB8BDF1542850D66D8007D620E4050B5715DC83F4A921D36CE9CE47D0D13C5D85F2B0FF8318D2877EEC2F63B931BD47417A81A538327AF927DA3E', 9, 30, 2, '2023-11-08 17:48:56', NULL, 'neaktivan'),
	(369, 'Ehlimana', 'Kovač', 'Kovač Ehlimana', '1695', '032/449-695', 'eh.sivac@epbih.ba', 'A5DFA812369F37FFD1755CA396C471CCEBC16B19DAEC09A1442287BCE01BD2BDC7603A2B86DF587FDAFA3EDEF4DA3E9D76E8B8194D24E696DCCA329CDD1429DE', 30, 10, 2, '2023-11-08 17:57:28', NULL, 'neaktivan'),
	(370, 'Aida', 'Ajanović', 'Ajanović Aida', '1669', '032/449-669', 'ai.ajanovic@epbih.ba', 'A5DFA812369F37FFD1755CA396C471CCEBC16B19DAEC09A1442287BCE01BD2BDC7603A2B86DF587FDAFA3EDEF4DA3E9D76E8B8194D24E696DCCA329CDD1429DE', 62, 30, 2, '2023-11-08 18:02:41', NULL, 'neaktivan'),
	(371, 'Emir', 'Smajić', 'Smajić Emir', '1660', '032/449-660', 'e.smajic@epbih.ba', 'A5DFA812369F37FFD1755CA396C471CCEBC16B19DAEC09A1442287BCE01BD2BDC7603A2B86DF587FDAFA3EDEF4DA3E9D76E8B8194D24E696DCCA329CDD1429DE', 90, 32, 2, '2023-11-08 18:03:32', NULL, 'neaktivan'),
	(372, 'Nadira', 'Mehičić', 'Mehičić Nadira', '1659', '032/449-659', 'n.mehicic@epbih.ba', 'A5DFA812369F37FFD1755CA396C471CCEBC16B19DAEC09A1442287BCE01BD2BDC7603A2B86DF587FDAFA3EDEF4DA3E9D76E8B8194D24E696DCCA329CDD1429DE', 60, 30, 2, '2023-11-08 18:04:19', NULL, 'neaktivan'),
	(373, 'Emir', 'Hajduković', 'Hajduković Emir', '', '', 'e.hajdukovic@epbih.ba', 'A5DFA812369F37FFD1755CA396C471CCEBC16B19DAEC09A1442287BCE01BD2BDC7603A2B86DF587FDAFA3EDEF4DA3E9D76E8B8194D24E696DCCA329CDD1429DE', 11, 6, 2, '2023-11-08 18:08:47', NULL, 'neaktivan'),
	(374, 'Alen', 'Zečić', 'Zečić Alen', '', '', 'a.zecic@epbih.ba', 'A5DFA812369F37FFD1755CA396C471CCEBC16B19DAEC09A1442287BCE01BD2BDC7603A2B86DF587FDAFA3EDEF4DA3E9D76E8B8194D24E696DCCA329CDD1429DE', 9, 32, 2, '2023-11-08 18:12:39', NULL, 'neaktivan'),
	(375, 'Ibrahim', 'Mucić', 'Mucić Ibrahim', '', '', 'i.mucic@epbih.ba', 'A5DFA812369F37FFD1755CA396C471CCEBC16B19DAEC09A1442287BCE01BD2BDC7603A2B86DF587FDAFA3EDEF4DA3E9D76E8B8194D24E696DCCA329CDD1429DE', 9, 31, 2, '2023-11-08 18:13:13', NULL, 'neaktivan'),
	(376, 'Kenan', 'Hadžimejlić', 'Hadžimejlić Kenan', '', '', 'k.hadzimejlic@epbih.ba', 'A5DFA812369F37FFD1755CA396C471CCEBC16B19DAEC09A1442287BCE01BD2BDC7603A2B86DF587FDAFA3EDEF4DA3E9D76E8B8194D24E696DCCA329CDD1429DE', 62, 30, 2, '2023-11-08 18:13:40', NULL, 'neaktivan'),
	(377, 'Saliha', 'Brajić', 'Brajić Saliha', '', '', 's.brajic@epbih.ba', 'A5DFA812369F37FFD1755CA396C471CCEBC16B19DAEC09A1442287BCE01BD2BDC7603A2B86DF587FDAFA3EDEF4DA3E9D76E8B8194D24E696DCCA329CDD1429DE', 90, 32, 2, '2023-11-08 18:14:07', NULL, 'neaktivan'),
	(378, 'Samir', 'Imamović', 'Imamović Samir', '1659', NULL, 'sa.imamovic@epbih.ba', 'A5DFA812369F37FFD1755CA396C471CCEBC16B19DAEC09A1442287BCE01BD2BDC7603A2B86DF587FDAFA3EDEF4DA3E9D76E8B8194D24E696DCCA329CDD1429DE', 57, 32, 2, '2023-11-08 18:22:35', NULL, 'neaktivan'),
	(379, 'Mahir', 'Avdić', 'Avdić Mahir', '', '', 'm.avdic@epbih.ba', 'A5DFA812369F37FFD1755CA396C471CCEBC16B19DAEC09A1442287BCE01BD2BDC7603A2B86DF587FDAFA3EDEF4DA3E9D76E8B8194D24E696DCCA329CDD1429DE', 53, 41, 37, '2023-11-08 18:47:29', NULL, 'neaktivan'),
	(380, 'Mahir', 'Mešić', 'Mešić Mahir', '', '', 'm.mesic@epbih.ba', 'A5DFA812369F37FFD1755CA396C471CCEBC16B19DAEC09A1442287BCE01BD2BDC7603A2B86DF587FDAFA3EDEF4DA3E9D76E8B8194D24E696DCCA329CDD1429DE', 99, 28, 3, '2023-11-08 18:48:40', NULL, 'neaktivan'),
	(381, 'Denis', 'Omerović', 'Omerović Denis', '', '', 'd.omerovic@epbih.ba', 'A5DFA812369F37FFD1755CA396C471CCEBC16B19DAEC09A1442287BCE01BD2BDC7603A2B86DF587FDAFA3EDEF4DA3E9D76E8B8194D24E696DCCA329CDD1429DE', 65, 44, 35, '2023-11-08 18:53:39', NULL, 'neaktivan'),
	(382, 'Enisa', 'Salkić', 'Salkić Enisa', '', '', 'e.salkic@epbih.ba', 'A5DFA812369F37FFD1755CA396C471CCEBC16B19DAEC09A1442287BCE01BD2BDC7603A2B86DF587FDAFA3EDEF4DA3E9D76E8B8194D24E696DCCA329CDD1429DE', 65, 44, 35, '2023-11-08 18:55:06', NULL, 'neaktivan'),
	(383, 'Jasmin', 'Hasanić', 'Hasanić Jasmin', '', '', 'j.hasanic@epbih.ba', 'A5DFA812369F37FFD1755CA396C471CCEBC16B19DAEC09A1442287BCE01BD2BDC7603A2B86DF587FDAFA3EDEF4DA3E9D76E8B8194D24E696DCCA329CDD1429DE', 65, 44, 35, '2023-11-08 18:56:02', NULL, 'neaktivan'),
	(384, 'Jasminka', 'Mehinagić', 'Mehinagić Jasminka', '', '', 'ja.mehinagic@epbih.ba', 'A5DFA812369F37FFD1755CA396C471CCEBC16B19DAEC09A1442287BCE01BD2BDC7603A2B86DF587FDAFA3EDEF4DA3E9D76E8B8194D24E696DCCA329CDD1429DE', 65, 44, 35, '2023-11-08 18:56:59', NULL, 'neaktivan'),
	(385, 'Samra', 'Grahić', 'Grahić Samra', '', '', 's.grahic@epbih.ba', 'A5DFA812369F37FFD1755CA396C471CCEBC16B19DAEC09A1442287BCE01BD2BDC7603A2B86DF587FDAFA3EDEF4DA3E9D76E8B8194D24E696DCCA329CDD1429DE', 53, 41, 2, '2023-11-08 19:07:37', NULL, 'neaktivan'),
	(386, 'Edin', 'Omerović', 'Omerović Edin', '', '', 'e.omerovic@epbih.ba', 'A5DFA812369F37FFD1755CA396C471CCEBC16B19DAEC09A1442287BCE01BD2BDC7603A2B86DF587FDAFA3EDEF4DA3E9D76E8B8194D24E696DCCA329CDD1429DE', 76, 41, 3, '2023-11-08 21:13:37', NULL, 'neaktivan'),
	(387, 'Irna', 'Imamović', 'Imamović Irna', '', '', 'i.imamovic@epbih.ba', 'A5DFA812369F37FFD1755CA396C471CCEBC16B19DAEC09A1442287BCE01BD2BDC7603A2B86DF587FDAFA3EDEF4DA3E9D76E8B8194D24E696DCCA329CDD1429DE', 95, 27, 2, '2023-11-08 21:18:16', NULL, 'neaktivan'),
	(388, 'Nermin', 'Hasančić', 'Hasančić Nermin', '', '', 'n.hasancic@epbih.ba', 'A5DFA812369F37FFD1755CA396C471CCEBC16B19DAEC09A1442287BCE01BD2BDC7603A2B86DF587FDAFA3EDEF4DA3E9D76E8B8194D24E696DCCA329CDD1429DE', 61, 43, 35, '2023-11-08 21:20:47', NULL, 'neaktivan'),
	(389, 'Sanja', 'Toromanović', 'Toromanović Sanja', '', '', 's.toromanovic@epbih.ba', 'A5DFA812369F37FFD1755CA396C471CCEBC16B19DAEC09A1442287BCE01BD2BDC7603A2B86DF587FDAFA3EDEF4DA3E9D76E8B8194D24E696DCCA329CDD1429DE', 53, 41, 2, '2023-11-08 21:38:18', NULL, 'neaktivan'),
	(390, 'Podružnica ED Zenica', '360999', 'Podružnica ED Zenica 360999', '1696', '032/449-696', 'podruznica@epbih.ba', 'A5DFA812369F37FFD1755CA396C471CCEBC16B19DAEC09A1442287BCE01BD2BDC7603A2B86DF587FDAFA3EDEF4DA3E9D76E8B8194D24E696DCCA329CDD1429DE', 101, 19, 2, '2023-11-09 12:34:24', NULL, 'neaktivan');

-- Dumping structure for table inventory_v2.user_token
DROP TABLE IF EXISTS `user_token`;
CREATE TABLE IF NOT EXISTS `user_token` (
  `user_token_id` int NOT NULL AUTO_INCREMENT,
  `user_id` int DEFAULT NULL,
  `created_at` timestamp NULL DEFAULT CURRENT_TIMESTAMP,
  `token` varchar(2555) CHARACTER SET utf8mb4 COLLATE utf8mb4_bin NOT NULL,
  `expire_at` timestamp NULL DEFAULT NULL,
  `is_valid` tinyint(1) DEFAULT NULL,
  PRIMARY KEY (`user_token_id`),
  KEY `user_id` (`user_id`),
  CONSTRAINT `user_token_ibfk_1` FOREIGN KEY (`user_id`) REFERENCES `user` (`user_id`)
) ENGINE=InnoDB DEFAULT CHARSET=utf8mb4 COLLATE=utf8mb4_bin;

-- Dumping data for table inventory_v2.user_token: ~6 rows (approximately)
INSERT INTO `user_token` (`user_token_id`, `user_id`, `created_at`, `token`, `expire_at`, `is_valid`) VALUES
	(1, 148, '2023-11-05 17:23:12', 'eyJhbGciOiJIUzI1NiIsInR5cCI6IkpXVCJ9.eyJyb2xlIjoidXNlciIsImlkIjoxNDgsImlkZW50aXR5IjoibS5jZXJpY0BlcGJpaC5iYSIsImV4cCI6MTcwMTg4MzM5Mi4zLCJpcCI6Ijo6ZmZmZjoxMjcuMC4wLjEiLCJ1YSI6Ik1vemlsbGEvNS4wIChXaW5kb3dzIE5UIDEwLjA7IFdpbjY0OyB4NjQpIEFwcGxlV2ViS2l0LzUzNy4zNiAoS0hUTUwsIGxpa2UgR2Vja28pIENocm9tZS8xMTkuMC4wLjAgU2FmYXJpLzUzNy4zNiBFZGcvMTE5LjAuMC4wIiwiaWF0IjoxNjk5MjA0OTkyfQ.d84EwMUFaLLmX_jm3O7k76UeGS0isv49PQyCofzU1nE', '2023-12-06 16:23:12', NULL),
	(2, 148, '2023-11-05 17:33:14', 'eyJhbGciOiJIUzI1NiIsInR5cCI6IkpXVCJ9.eyJyb2xlIjoidXNlciIsImlkIjoxNDgsImlkZW50aXR5IjoibS5jZXJpY0BlcGJpaC5iYSIsImV4cCI6MTcwMTg4Mzk5NC44MSwiaXAiOiI6OmZmZmY6MTI3LjAuMC4xIiwidWEiOiJNb3ppbGxhLzUuMCAoV2luZG93cyBOVCAxMC4wOyBXaW42NDsgeDY0KSBBcHBsZVdlYktpdC81MzcuMzYgKEtIVE1MLCBsaWtlIEdlY2tvKSBDaHJvbWUvMTE5LjAuMC4wIFNhZmFyaS81MzcuMzYgRWRnLzExOS4wLjAuMCIsImlhdCI6MTY5OTIwNTU5NH0.u6zDl_IdEMRumaCiR0zPNPoW7PR0FYq_Sxh_e1FLRlw', '2023-12-06 16:33:14', NULL),
	(3, 148, '2023-11-05 17:38:48', 'eyJhbGciOiJIUzI1NiIsInR5cCI6IkpXVCJ9.eyJyb2xlIjoidXNlciIsImlkIjoxNDgsImlkZW50aXR5IjoibS5jZXJpY0BlcGJpaC5iYSIsImV4cCI6MTcwMTg4NDMyOC44NjgsImlwIjoiOjpmZmZmOjEyNy4wLjAuMSIsInVhIjoiTW96aWxsYS81LjAgKFdpbmRvd3MgTlQgMTAuMDsgV2luNjQ7IHg2NCkgQXBwbGVXZWJLaXQvNTM3LjM2IChLSFRNTCwgbGlrZSBHZWNrbykgQ2hyb21lLzExOS4wLjAuMCBTYWZhcmkvNTM3LjM2IEVkZy8xMTkuMC4wLjAiLCJpYXQiOjE2OTkyMDU5Mjh9.KNG39Uer-nLoia7hImWfHguam4ClA66K_201yjtw7jU', '2023-12-06 16:38:48', NULL),
	(4, 148, '2023-11-05 17:44:29', 'eyJhbGciOiJIUzI1NiIsInR5cCI6IkpXVCJ9.eyJyb2xlIjoidXNlciIsImlkIjoxNDgsImlkZW50aXR5IjoibS5jZXJpY0BlcGJpaC5iYSIsImV4cCI6MTcwMTg4NDY2OS44NzQsImlwIjoiOjpmZmZmOjEyNy4wLjAuMSIsInVhIjoiTW96aWxsYS81LjAgKFdpbmRvd3MgTlQgMTAuMDsgV2luNjQ7IHg2NCkgQXBwbGVXZWJLaXQvNTM3LjM2IChLSFRNTCwgbGlrZSBHZWNrbykgQ2hyb21lLzExOS4wLjAuMCBTYWZhcmkvNTM3LjM2IEVkZy8xMTkuMC4wLjAiLCJpYXQiOjE2OTkyMDYyNjl9.ehLt2fiPaocM-p_cep-nGcEy0d_wOqRXMyWw1v0Bpts', '2023-12-06 16:44:29', NULL),
	(5, 148, '2023-11-06 16:54:20', 'eyJhbGciOiJIUzI1NiIsInR5cCI6IkpXVCJ9.eyJyb2xlIjoidXNlciIsImlkIjoxNDgsImlkZW50aXR5IjoibS5jZXJpY0BlcGJpaC5iYSIsImV4cCI6MTcwMTk2ODA2MC40ODcsImlwIjoiOjpmZmZmOjEyNy4wLjAuMSIsInVhIjoiTW96aWxsYS81LjAgKExpbnV4OyBBbmRyb2lkIDEzOyAyMTA4MTExMVJHIEJ1aWxkL1RQMUEuMjIwNjI0LjAxNCkgQXBwbGVXZWJLaXQvNTM3LjM2IChLSFRNTCwgbGlrZSBHZWNrbykgQ2hyb21lLzExOC4wLjAuMCBNb2JpbGUgU2FmYXJpLzUzNy4zNiBPUFgvMi4xIiwiaWF0IjoxNjk5Mjg5NjYwfQ._r5kea3QkAEgDXCWL1RcGGVIZre9Q89ts702huZaxco', '2023-12-07 15:54:20', NULL),
	(6, 148, '2023-11-08 22:32:55', 'eyJhbGciOiJIUzI1NiIsInR5cCI6IkpXVCJ9.eyJyb2xlIjoidXNlciIsImlkIjoxNDgsImlkZW50aXR5IjoibS5jZXJpY0BlcGJpaC5iYSIsImV4cCI6MTcwMjE2MTE3NS4yLCJpcCI6Ijo6ZmZmZjoxMjcuMC4wLjEiLCJ1YSI6Ik1vemlsbGEvNS4wIChXaW5kb3dzIE5UIDEwLjA7IFdpbjY0OyB4NjQpIEFwcGxlV2ViS2l0LzUzNy4zNiAoS0hUTUwsIGxpa2UgR2Vja28pIENocm9tZS8xMTYuMC4wLjAgU2FmYXJpLzUzNy4zNiBPUFIvMTAyLjAuMC4wIiwiaWF0IjoxNjk5NDgyNzc1fQ.S-gztej_Ya5MjfrajOD-dOTrVg0xezQjoNobzcA2-N8', '2023-12-09 21:32:55', NULL);

-- Dumping structure for trigger inventory_v2.article_status_trigger
DROP TRIGGER IF EXISTS `article_status_trigger`;
SET @OLDTMP_SQL_MODE=@@SQL_MODE, SQL_MODE='STRICT_TRANS_TABLES,NO_ENGINE_SUBSTITUTION';
DELIMITER //
CREATE TRIGGER `article_status_trigger` AFTER INSERT ON `article` FOR EACH ROW BEGIN
    INSERT INTO article_timeline (article_id, user_id, document_id, serial_number, status, inv_number, timestamp, comment)
    VALUES (NEW.article_id, NEW.user_id, NEW.document_id, NEW.serial_number, NEW.status, NEW.inv_number, NOW(), 'Artikal dodan');

END//
DELIMITER ;
SET SQL_MODE=@OLDTMP_SQL_MODE;

-- Dumping structure for trigger inventory_v2.article_update_status_trigger
DROP TRIGGER IF EXISTS `article_update_status_trigger`;
SET @OLDTMP_SQL_MODE=@@SQL_MODE, SQL_MODE='STRICT_TRANS_TABLES,NO_ENGINE_SUBSTITUTION';
DELIMITER //
CREATE TRIGGER `article_update_status_trigger` AFTER UPDATE ON `article` FOR EACH ROW BEGIN
    IF OLD.status != NEW.status THEN
        INSERT INTO article_timeline (article_id, user_id, document_id, serial_number, status, inv_number, timestamp, comment)
        VALUES (NEW.article_id, NEW.user_id, NEW.document_id, NEW.serial_number, NEW.status, NEW.inv_number, NOW(), 'Status promijenjen');
    END IF;
END//
DELIMITER ;
SET SQL_MODE=@OLDTMP_SQL_MODE;

-- Dumping structure for trigger inventory_v2.article_update_timestamp
DROP TRIGGER IF EXISTS `article_update_timestamp`;
SET @OLDTMP_SQL_MODE=@@SQL_MODE, SQL_MODE='STRICT_TRANS_TABLES,NO_ENGINE_SUBSTITUTION';
DELIMITER //
CREATE TRIGGER `article_update_timestamp` BEFORE UPDATE ON `article` FOR EACH ROW BEGIN
    SET NEW.timestamp = NOW();
END//
DELIMITER ;
SET SQL_MODE=@OLDTMP_SQL_MODE;

-- Dumping structure for trigger inventory_v2.before_user_insert
DROP TRIGGER IF EXISTS `before_user_insert`;
SET @OLDTMP_SQL_MODE=@@SQL_MODE, SQL_MODE='ONLY_FULL_GROUP_BY,STRICT_TRANS_TABLES,NO_ZERO_IN_DATE,NO_ZERO_DATE,ERROR_FOR_DIVISION_BY_ZERO,NO_ENGINE_SUBSTITUTION';
DELIMITER //
CREATE TRIGGER `before_user_insert` BEFORE INSERT ON `user` FOR EACH ROW BEGIN
    SET NEW.fullname = CONCAT(NEW.forname, ' ', NEW.surname);
END//
DELIMITER ;
SET SQL_MODE=@OLDTMP_SQL_MODE;

-- Dumping structure for trigger inventory_v2.update_last_login
DROP TRIGGER IF EXISTS `update_last_login`;
SET @OLDTMP_SQL_MODE=@@SQL_MODE, SQL_MODE='ONLY_FULL_GROUP_BY,STRICT_TRANS_TABLES,NO_ZERO_IN_DATE,NO_ZERO_DATE,ERROR_FOR_DIVISION_BY_ZERO,NO_ENGINE_SUBSTITUTION';
DELIMITER //
CREATE TRIGGER `update_last_login` BEFORE UPDATE ON `user` FOR EACH ROW BEGIN
    -- Pronađi najnoviji unos u user_token za ovog korisnika
    SELECT MAX(created_at) INTO @last_login_date
    FROM user_token
    WHERE user_id = NEW.user_id;

    -- Ako je pronađen unos, postavi last_login_date na taj datum i vrijeme
    IF @last_login_date IS NOT NULL THEN
        SET NEW.last_login_date = @last_login_date;
    END IF;
END//
DELIMITER ;
SET SQL_MODE=@OLDTMP_SQL_MODE;

-- Dumping structure for trigger inventory_v2.user_audit_trigger
DROP TRIGGER IF EXISTS `user_audit_trigger`;
SET @OLDTMP_SQL_MODE=@@SQL_MODE, SQL_MODE='ONLY_FULL_GROUP_BY,STRICT_TRANS_TABLES,NO_ZERO_IN_DATE,NO_ZERO_DATE,ERROR_FOR_DIVISION_BY_ZERO,NO_ENGINE_SUBSTITUTION';
DELIMITER //
CREATE TRIGGER `user_audit_trigger` BEFORE INSERT ON `user` FOR EACH ROW BEGIN
    -- Postavi trenutni datum i vrijeme prilikom umetanja novog reda
    SET NEW.registration_date = NOW();
END//
DELIMITER ;
SET SQL_MODE=@OLDTMP_SQL_MODE;

/*!40103 SET TIME_ZONE=IFNULL(@OLD_TIME_ZONE, 'system') */;
/*!40101 SET SQL_MODE=IFNULL(@OLD_SQL_MODE, '') */;
/*!40014 SET FOREIGN_KEY_CHECKS=IFNULL(@OLD_FOREIGN_KEY_CHECKS, 1) */;
/*!40101 SET CHARACTER_SET_CLIENT=@OLD_CHARACTER_SET_CLIENT */;
/*!40111 SET SQL_NOTES=IFNULL(@OLD_SQL_NOTES, 1) */;
